id:ID,:LABEL,id,decision_year,country_code,fine_amount_eur,sanction_profile
Decision|Spain_411,Decision,Spain_411,2020,ES,4000.0,ComplianceOrder
Decision|Spain_412,Decision,Spain_412,2020,ES,1800.0,ComplianceOrder
Decision|Spain_414,Decision,Spain_414,2021,ES,,ComplianceOrder
Decision|Spain_415,Decision,Spain_415,2020,ES,50000.0,ComplianceOrder
Decision|Spain_416,Decision,Spain_416,2020,ES,5000.0,NoFormalMeasure
Decision|Spain_417,Decision,Spain_417,2019,ES,,Reprimand
Decision|Spain_418,Decision,Spain_418,2020,ES,,Reprimand
Decision|Spain_419,Decision,Spain_419,2021,ES,12000.0,NoFormalMeasure
Decision|Spain_421,Decision,Spain_421,2020,ES,20000.0,ComplianceOrder
Decision|Spain_422,Decision,Spain_422,2022,ES,15000.0,NoFormalMeasure
Decision|Spain_423,Decision,Spain_423,2020,ES,40000.0,NoFormalMeasure
Decision|Spain_424,Decision,Spain_424,2019,ES,900.0,ComplianceOrder
Decision|Spain_427,Decision,Spain_427,2019,ES,900.0,ComplianceOrder
Decision|Spain_428,Decision,Spain_428,2020,ES,2000.0,ComplianceOrder
Decision|Spain_429,Decision,Spain_429,2022,ES,,ComplianceOrder
Decision|Spain_430,Decision,Spain_430,2019,ES,,ComplianceOrder
Decision|Spain_431,Decision,Spain_431,2019,ES,2000.0,ComplianceOrder
Decision|Spain_432,Decision,Spain_432,2019,ES,2000.0,ComplianceOrder
Decision|Spain_433,Decision,Spain_433,2020,ES,1000.0,NoFormalMeasure
Decision|Spain_434,Decision,Spain_434,2020,ES,3000.0,NoFormalMeasure
Decision|Spain_435,Decision,Spain_435,2020,ES,1500.0,NoFormalMeasure
Decision|Spain_436,Decision,Spain_436,2019,ES,50000.0,NoFormalMeasure
Decision|Spain_437,Decision,Spain_437,2021,ES,,NoFormalMeasure
Decision|Spain_438,Decision,Spain_438,2019,ES,75000.0,NoFormalMeasure
Decision|Spain_439,Decision,Spain_439,2020,ES,1200.0,NoFormalMeasure
Decision|Spain_440,Decision,Spain_440,2020,ES,9000.0,NoFormalMeasure
Decision|Spain_441,Decision,Spain_441,2022,ES,70000.0,NoFormalMeasure
Decision|Spain_443,Decision,Spain_443,2021,ES,,Reprimand
Decision|Spain_444,Decision,Spain_444,2020,ES,3000.0,NoFormalMeasure
Decision|Spain_445,Decision,Spain_445,2019,ES,6000.0,NoFormalMeasure
Decision|Spain_446,Decision,Spain_446,2020,ES,,ComplianceOrder
Decision|Spain_447,Decision,Spain_447,,NOT_APPLICABLE,,NoFormalMeasure
Decision|Spain_448,Decision,Spain_448,,NOT_APPLICABLE,,NoFormalMeasure
Decision|Spain_449,Decision,Spain_449,2019,ES,30000.0,ComplianceOrder
Decision|Spain_450,Decision,Spain_450,2020,ES,10000.0,NoFormalMeasure
Decision|Spain_451,Decision,Spain_451,2020,ES,36000.0,NoFormalMeasure
Decision|Spain_452,Decision,Spain_452,2020,ES,2000.0,ComplianceOrder
Decision|Spain_453,Decision,Spain_453,2020,ES,36000.0,NoFormalMeasure
Decision|Spain_454,Decision,Spain_454,2021,ES,30000.0,ComplianceOrder
Decision|Spain_455,Decision,Spain_455,2023,ES,30000.0,ErasureOrRestrictionOrder
Decision|Spain_456,Decision,Spain_456,2021,ES,0.0,ComplianceOrder
Decision|Spain_457,Decision,Spain_457,2019,ES,,ComplianceOrder
Decision|Spain_458,Decision,Spain_458,2021,ES,100000.0,NoFormalMeasure
Decision|Spain_459,Decision,Spain_459,2020,ES,2400.0,ComplianceOrder
Decision|Spain_460,Decision,Spain_460,2020,ES,6000.0,NoFormalMeasure
Decision|Spain_461,Decision,Spain_461,2020,ES,6000.0,ComplianceOrder
Decision|Spain_462,Decision,Spain_462,2021,ES,300000.0,NoFormalMeasure
Decision|Spain_463,Decision,Spain_463,2019,ES,,NoFormalMeasure
Decision|Spain_464,Decision,Spain_464,2020,ES,10000.0,NoFormalMeasure
Decision|Spain_465,Decision,Spain_465,2021,ES,50000.0,NoFormalMeasure
Decision|Spain_466,Decision,Spain_466,2020,ES,,ComplianceOrder
Decision|Spain_467,Decision,Spain_467,2021,ES,,ComplianceOrder
Decision|Spain_469,Decision,Spain_469,2020,ES,,ComplianceOrder
Decision|Spain_470,Decision,Spain_470,2020,ES,4800.0,ComplianceOrder
Decision|Spain_471,Decision,Spain_471,2019,ES,,NoFormalMeasure
Decision|Spain_472,Decision,Spain_472,2021,ES,,Reprimand
Decision|Spain_473,Decision,Spain_473,2019,ES,4000.0,NoFormalMeasure
Decision|Spain_474,Decision,Spain_474,2021,ES,3000.0,ComplianceOrder
Decision|Spain_475,Decision,Spain_475,,NOT_DISCUSSED,,NoFormalMeasure
Decision|Spain_476,Decision,Spain_476,2019,ES,,NoFormalMeasure
Decision|Spain_477,Decision,Spain_477,2019,ES,,Warning
Decision|Spain_478,Decision,Spain_478,2019,ES,,Warning
Decision|Spain_479,Decision,Spain_479,2020,ES,30000.0,NoFormalMeasure
Decision|Spain_480,Decision,Spain_480,2021,ES,,ComplianceOrder
Decision|Spain_481,Decision,Spain_481,2020,ES,42000.0,NoFormalMeasure
Decision|Spain_482,Decision,Spain_482,2020,ES,30000.0,NoFormalMeasure
Decision|Spain_483,Decision,Spain_483,2020,ES,42000.0,NoFormalMeasure
Decision|Spain_484,Decision,Spain_484,2021,ES,1500.0,ComplianceOrder
Decision|Spain_485,Decision,Spain_485,2021,ES,,Reprimand
Decision|Spain_486,Decision,Spain_486,2021,ES,120000.0,NoFormalMeasure
Decision|Spain_488,Decision,Spain_488,2020,ES,0.0,Warning
Decision|Spain_489,Decision,Spain_489,,NOT_APPLICABLE,,NoFormalMeasure
Decision|Spain_490,Decision,Spain_490,2020,ES,6000.0,NoFormalMeasure
Decision|Spain_492,Decision,Spain_492,2020,ES,6000.0,ComplianceOrder
Decision|Spain_493,Decision,Spain_493,2022,ES,,Reprimand
Decision|Spain_494,Decision,Spain_494,2019,ES,20000.0,NoFormalMeasure
Decision|Spain_495,Decision,Spain_495,2022,ES,70000.0,NoFormalMeasure
Decision|Spain_496,Decision,Spain_496,2021,ES,,ComplianceOrder
Decision|Spain_497,Decision,Spain_497,2020,ES,3600.0,NoFormalMeasure
Decision|Spain_498,Decision,Spain_498,2020,ES,,NoFormalMeasure
Decision|Spain_499,Decision,Spain_499,2021,ES,,ComplianceOrder
Decision|Spain_500,Decision,Spain_500,2020,ES,8000.0,ComplianceOrder
Decision|Spain_501,Decision,Spain_501,2019,ES,3000.0,ComplianceOrder
Decision|Spain_502,Decision,Spain_502,2021,ES,3000.0,ComplianceOrder
Decision|Spain_503,Decision,Spain_503,2023,ES,25000.0,ComplianceOrder
Decision|Spain_504,Decision,Spain_504,2019,ES,,ComplianceOrder
Decision|Spain_505,Decision,Spain_505,2021,ES,1500.0,ComplianceOrder
Decision|Spain_506,Decision,Spain_506,2020,ES,2000.0,NoFormalMeasure
Decision|Spain_507,Decision,Spain_507,2022,ES,3000.0,NoFormalMeasure
Decision|Spain_508,Decision,Spain_508,2019,ES,6000.0,ComplianceOrder
Decision|Spain_509,Decision,Spain_509,2019,ES,20000.0,NoFormalMeasure
Decision|Spain_510,Decision,Spain_510,2020,ES,60000.0,NoFormalMeasure
Decision|Spain_511,Decision,Spain_511,2021,ES,3000.0,NoFormalMeasure
Decision|Spain_512,Decision,Spain_512,,NOT_APPLICABLE,,NoFormalMeasure
Decision|Spain_513,Decision,Spain_513,2021,ES,50000.0,NoFormalMeasure
Decision|Spain_514,Decision,Spain_514,2020,ES,,Warning
Decision|Spain_515,Decision,Spain_515,2020,ES,,ComplianceOrder
Decision|Spain_516,Decision,Spain_516,2019,ES,3000.0,ComplianceOrder
Decision|Spain_517,Decision,Spain_517,2021,ES,1500.0,NoFormalMeasure
Decision|Spain_518,Decision,Spain_518,2022,ES,100000.0,NoFormalMeasure
Decision|Spain_519,Decision,Spain_519,2020,ES,75000.0,NoFormalMeasure
Decision|Spain_520,Decision,Spain_520,2020,ES,54000.0,NoFormalMeasure
Decision|Spain_522,Decision,Spain_522,2020,ES,25000.0,NoFormalMeasure
Decision|Spain_523,Decision,Spain_523,2022,ES,48000.0,NoFormalMeasure
Decision|Spain_524,Decision,Spain_524,2019,ES,,NoFormalMeasure
Decision|Spain_525,Decision,Spain_525,2019,ES,,NoFormalMeasure
Decision|Spain_526,Decision,Spain_526,2019,ES,1500.0,ComplianceOrder
Decision|Spain_527,Decision,Spain_527,2020,ES,5000.0,NoFormalMeasure
Decision|Spain_528,Decision,Spain_528,0,NOT_DISCUSSED,,NoFormalMeasure
Decision|Spain_529,Decision,Spain_529,2021,ES,,Warning
Decision|Spain_530,Decision,Spain_530,2021,ES,60000.0,NoFormalMeasure
Decision|Spain_531,Decision,Spain_531,,NOT_DISCUSSED,,NoFormalMeasure
Decision|Spain_532,Decision,Spain_532,2019,ES,,NoFormalMeasure
Decision|Spain_533,Decision,Spain_533,2021,ES,120000.0,NoFormalMeasure
Decision|Spain_534,Decision,Spain_534,2021,ES,24000.0,ComplianceOrder
Decision|Spain_535,Decision,Spain_535,2021,ES,2000.0,NoFormalMeasure
Decision|Spain_536,Decision,Spain_536,2020,ES,5000.0,NoFormalMeasure
Decision|Spain_537,Decision,Spain_537,2022,ES,,NoFormalMeasure
Decision|Spain_539,Decision,Spain_539,2020,ES,,ComplianceOrder
Decision|Spain_540,Decision,Spain_540,2022,ES,,Warning
Decision|Spain_541,Decision,Spain_541,2022,ES,,ComplianceOrder
Decision|Spain_542,Decision,Spain_542,2021,ES,90000.0,NoFormalMeasure
Decision|Spain_543,Decision,Spain_543,2021,ES,3000.0,ComplianceOrder
Decision|Spain_544,Decision,Spain_544,2020,ES,5000.0,NoFormalMeasure
Decision|Spain_545,Decision,Spain_545,2020,ES,70000.0,ComplianceOrder
Decision|Spain_546,Decision,Spain_546,2019,ES,75000.0,NoFormalMeasure
Decision|Spain_547,Decision,Spain_547,2020,ES,80000.0,NoFormalMeasure
Decision|Spain_549,Decision,Spain_549,2021,ES,4000.0,ErasureOrRestrictionOrder
Decision|Spain_550,Decision,Spain_550,2020,ES,3000.0,ComplianceOrder
Decision|Spain_551,Decision,Spain_551,2021,ES,3000.0,NoFormalMeasure
Decision|Spain_553,Decision,Spain_553,2020,ES,1500.0,ComplianceOrder
Decision|Spain_554,Decision,Spain_554,2021,ES,50000.0,ComplianceOrder
Decision|Spain_555,Decision,Spain_555,2020,ES,4000.0,NoFormalMeasure
Decision|Spain_556,Decision,Spain_556,2021,ES,20000.0,ComplianceOrder
Decision|Spain_557,Decision,Spain_557,2022,ES,150000.0,NoFormalMeasure
Decision|Spain_559,Decision,Spain_559,2020,ES,3000.0,ComplianceOrder
Decision|Spain_560,Decision,Spain_560,2021,ES,,ComplianceOrder
Decision|Spain_561,Decision,Spain_561,2020,ES,3000.0,NoFormalMeasure
Decision|Spain_562,Decision,Spain_562,2022,ES,8000.0,ComplianceOrder
Decision|Spain_563,Decision,Spain_563,2021,ES,60000.0,NoFormalMeasure
Decision|Spain_564,Decision,Spain_564,2021,ES,8000.0,Warning
Decision|Spain_565,Decision,Spain_565,2021,ES,6000.0,NoFormalMeasure
Decision|Spain_566,Decision,Spain_566,2022,ES,75000.0,NoFormalMeasure
Decision|Spain_568,Decision,Spain_568,2021,ES,56000.0,NoFormalMeasure
Decision|Spain_569,Decision,Spain_569,2021,ES,12000.0,NoFormalMeasure
Decision|Spain_570,Decision,Spain_570,2021,ES,2000.0,NoFormalMeasure
Decision|Spain_571,Decision,Spain_571,2022,ES,,Warning
Decision|Spain_572,Decision,Spain_572,,NOT_DISCUSSED,,NoFormalMeasure
Decision|Spain_573,Decision,Spain_573,2022,ES,,ComplianceOrder
Decision|Spain_574,Decision,Spain_574,2022,ES,1800.0,ComplianceOrder
Decision|Spain_575,Decision,Spain_575,2024,ES,55000.0,NoFormalMeasure
Decision|Spain_576,Decision,Spain_576,2024,ES,480.0,ComplianceOrder
Decision|Spain_577,Decision,Spain_577,2024,ES,80000.0,ComplianceOrder
Decision|Spain_578,Decision,Spain_578,2021,ES,,NoFormalMeasure
Decision|Spain_580,Decision,Spain_580,2022,ES,,ComplianceOrder
Decision|Spain_581,Decision,Spain_581,2023,ES,10000.0,ComplianceOrder
Decision|Spain_582,Decision,Spain_582,2024,ES,1200.0,ComplianceOrder
Decision|Spain_583,Decision,Spain_583,2023,ES,70000.0,NoFormalMeasure
Decision|Spain_584,Decision,Spain_584,,ES,,NoFormalMeasure
Decision|Spain_585,Decision,Spain_585,2022,ES,,ComplianceOrder
Decision|Spain_586,Decision,Spain_586,,ES,,NoFormalMeasure
Decision|Spain_587,Decision,Spain_587,2020,ES,,NoFormalMeasure
Decision|Spain_588,Decision,Spain_588,2020,ES,,NoFormalMeasure
Decision|Spain_589,Decision,Spain_589,2021,ES,,NoFormalMeasure
Decision|Spain_590,Decision,Spain_590,2020,ES,,NoFormalMeasure
Decision|Spain_591,Decision,Spain_591,2021,ES,,ComplianceOrder
Decision|Spain_592,Decision,Spain_592,2020,ES,,NoFormalMeasure
Decision|Spain_593,Decision,Spain_593,2020,ES,,NoFormalMeasure
Decision|Spain_594,Decision,Spain_594,2020,ES,,NoFormalMeasure
Decision|Spain_595,Decision,Spain_595,2016,ES,,ComplianceOrder
Decision|Spain_596,Decision,Spain_596,2020,ES,,ComplianceOrder
Decision|Spain_598,Decision,Spain_598,2020,ES,,NoFormalMeasure
Decision|Spain_599,Decision,Spain_599,2021,ES,,ComplianceOrder
Decision|Spain_600,Decision,Spain_600,2019,ES,,ComplianceOrder
Decision|Spain_602,Decision,Spain_602,2019,ES,,NoFormalMeasure
Decision|Spain_603,Decision,Spain_603,2021,ES,,ComplianceOrder
Decision|Spain_604,Decision,Spain_604,2021,ES,,NoFormalMeasure
Decision|Spain_605,Decision,Spain_605,2021,ES,,ComplianceOrder
Decision|Spain_606,Decision,Spain_606,2021,ES,,NoFormalMeasure
Decision|Spain_607,Decision,Spain_607,2021,ES,,NoFormalMeasure
Decision|Spain_608,Decision,Spain_608,2019,ES,,NoFormalMeasure
Decision|Spain_609,Decision,Spain_609,2021,ES,,NoFormalMeasure
Decision|Spain_610,Decision,Spain_610,2021,ES,,NoFormalMeasure
Decision|Spain_611,Decision,Spain_611,2022,ES,,NoFormalMeasure
Decision|Spain_612,Decision,Spain_612,2020,ES,,NoFormalMeasure
Decision|Spain_613,Decision,Spain_613,2020,ES,,NoFormalMeasure
Decision|Spain_614,Decision,Spain_614,2019,ES,,ComplianceOrder
Decision|Spain_615,Decision,Spain_615,2022,ES,,NoFormalMeasure
Decision|Spain_616,Decision,Spain_616,2024,ES,600.0,ComplianceOrder
Decision|Spain_617,Decision,Spain_617,2022,ES,,NoFormalMeasure
Decision|Spain_618,Decision,Spain_618,2022,ES,240000.0,ErasureOrRestrictionOrder
Decision|Spain_619,Decision,Spain_619,2021,ES,,NoFormalMeasure
Decision|Spain_620,Decision,Spain_620,2021,ES,,ErasureOrRestrictionOrder
Decision|Spain_621,Decision,Spain_621,2024,ES,,ComplianceOrder
Decision|Spain_623,Decision,Spain_623,,NOT_DISCUSSED,,NoFormalMeasure
Decision|Spain_624,Decision,Spain_624,2020,ES,,Reprimand
Decision|Spain_625,Decision,Spain_625,2021,ES,,ComplianceOrder
Decision|Spain_626,Decision,Spain_626,2024,ES,3000.0,NoFormalMeasure
Decision|Spain_627,Decision,Spain_627,2024,ES,,NoFormalMeasure
Decision|Spain_628,Decision,Spain_628,2023,ES,0.0,NoFormalMeasure
Decision|Spain_629,Decision,Spain_629,2023,ES,,ComplianceOrder
Decision|Spain_630,Decision,Spain_630,2022,ES,,NoFormalMeasure
Decision|Spain_631,Decision,Spain_631,2022,ES,,NoFormalMeasure
Decision|Slovenia_1,Decision,Slovenia_1,2021,SI,,ErasureOrRestrictionOrder
Decision|Slovenia_3,Decision,Slovenia_3,2021,SI,,ErasureOrRestrictionOrder
Decision|Slovenia_4,Decision,Slovenia_4,2019,SI,,NoFormalMeasure
Decision|Slovenia_5,Decision,Slovenia_5,2019,SI,,NoFormalMeasure
Decision|Slovenia_6,Decision,Slovenia_6,2020,SI,,NoFormalMeasure
Decision|Slovenia_7,Decision,Slovenia_7,2023,SI,,NoFormalMeasure
Decision|Slovenia_8,Decision,Slovenia_8,2020,SI,,NoFormalMeasure
Decision|Slovenia_9,Decision,Slovenia_9,2020,SI,,NoFormalMeasure
Decision|Slovenia_10,Decision,Slovenia_10,2020,SI,,NoFormalMeasure
Decision|Slovenia_11,Decision,Slovenia_11,2020,SI,,NoFormalMeasure
Decision|Slovenia_12,Decision,Slovenia_12,2016,SI,,NoFormalMeasure
Decision|Slovenia_13,Decision,Slovenia_13,2021,SI,,NoFormalMeasure
Decision|Slovenia_14,Decision,Slovenia_14,2021,SI,,NoFormalMeasure
Decision|Slovenia_15,Decision,Slovenia_15,2021,SI,,NoFormalMeasure
Decision|Slovenia_16,Decision,Slovenia_16,2023,SI,,NoFormalMeasure
Decision|Slovenia_17,Decision,Slovenia_17,2020,SI,,NoFormalMeasure
Decision|Slovenia_18,Decision,Slovenia_18,2020,SI,,NoFormalMeasure
Decision|Slovenia_19,Decision,Slovenia_19,2020,SI,,NoFormalMeasure
Decision|Slovenia_20,Decision,Slovenia_20,2023,SI,,NoFormalMeasure
Decision|Slovenia_21,Decision,Slovenia_21,2020,SI,,NoFormalMeasure
Decision|Slovenia_22,Decision,Slovenia_22,2020,SI,,NoFormalMeasure
Decision|Slovenia_23,Decision,Slovenia_23,2020,SI,,NoFormalMeasure
Decision|Slovenia_24,Decision,Slovenia_24,2023,SI,,NoFormalMeasure
Decision|Slovenia_25,Decision,Slovenia_25,2016,SI,,NoFormalMeasure
Decision|Slovenia_26,Decision,Slovenia_26,2020,SI,,NoFormalMeasure
Decision|Slovenia_27,Decision,Slovenia_27,2020,SI,,NoFormalMeasure
Decision|Slovenia_28,Decision,Slovenia_28,2020,SI,,NoFormalMeasure
Decision|Slovenia_29,Decision,Slovenia_29,2020,SI,,NoFormalMeasure
Decision|Slovenia_30,Decision,Slovenia_30,2020,SI,,NoFormalMeasure
Decision|Slovenia_31,Decision,Slovenia_31,2020,SI,,NoFormalMeasure
Decision|Slovenia_32,Decision,Slovenia_32,2020,SI,,NoFormalMeasure
Decision|Slovenia_33,Decision,Slovenia_33,2020,SI,,NoFormalMeasure
Decision|Slovenia_34,Decision,Slovenia_34,2020,SI,,NoFormalMeasure
Decision|Slovenia_35,Decision,Slovenia_35,2020,SI,,NoFormalMeasure
Decision|Slovenia_36,Decision,Slovenia_36,2020,SI,,NoFormalMeasure
Decision|Slovenia_37,Decision,Slovenia_37,2020,SI,,NoFormalMeasure
Decision|Slovenia_38,Decision,Slovenia_38,2020,SI,,NoFormalMeasure
Decision|Slovenia_39,Decision,Slovenia_39,2020,SI,,NoFormalMeasure
Decision|Slovenia_40,Decision,Slovenia_40,2020,SI,,NoFormalMeasure
Decision|Slovenia_41,Decision,Slovenia_41,2021,SI,,NoFormalMeasure
Decision|Slovenia_42,Decision,Slovenia_42,2023,SI,,NoFormalMeasure
Decision|Slovenia_43,Decision,Slovenia_43,2021,SI,,NoFormalMeasure
Decision|Slovenia_44,Decision,Slovenia_44,2020,SI,,NoFormalMeasure
Decision|Slovenia_45,Decision,Slovenia_45,0,SI,,NoFormalMeasure
Decision|Slovenia_46,Decision,Slovenia_46,2021,SI,,NoFormalMeasure
Decision|Slovenia_47,Decision,Slovenia_47,2021,SI,,NoFormalMeasure
Decision|Slovenia_48,Decision,Slovenia_48,2020,SI,,NoFormalMeasure
Decision|Slovenia_50,Decision,Slovenia_50,2021,SI,,ErasureOrRestrictionOrder
Decision|Slovenia_51,Decision,Slovenia_51,2024,SI,,NoFormalMeasure
Decision|Slovenia_52,Decision,Slovenia_52,2024,SI,,NoFormalMeasure
Decision|Slovenia_53,Decision,Slovenia_53,2025,SI,,NoFormalMeasure
Decision|Slovenia_54,Decision,Slovenia_54,2024,SI,,NoFormalMeasure
Decision|Slovenia_55,Decision,Slovenia_55,2025,SI,,NoFormalMeasure
Decision|Slovenia_56,Decision,Slovenia_56,2024,SI,,NoFormalMeasure
Decision|Slovenia_57,Decision,Slovenia_57,2023,SI,,Reprimand
Decision|Slovenia_58,Decision,Slovenia_58,2023,SI,500.0,NoFormalMeasure
Decision|Slovenia_59,Decision,Slovenia_59,2019,SI,,NoFormalMeasure
Decision|Slovenia_60,Decision,Slovenia_60,2022,SI,,Warning
Decision|Slovenia_61,Decision,Slovenia_61,2024,SI,6255.0,NoFormalMeasure
Decision|Slovenia_62,Decision,Slovenia_62,2024,SI,,Reprimand
Decision|Slovenia_63,Decision,Slovenia_63,2021,SI,,ComplianceOrder
Decision|Slovenia_64,Decision,Slovenia_64,2021,SI,,ComplianceOrder
Decision|Slovenia_65,Decision,Slovenia_65,2022,SI,,ComplianceOrder
Decision|Slovenia_66,Decision,Slovenia_66,2022,SI,,ComplianceOrder
Decision|Slovenia_68,Decision,Slovenia_68,2023,SI,,NoFormalMeasure
Decision|Slovenia_69,Decision,Slovenia_69,2024,SI,,NoFormalMeasure
Decision|Slovenia_72,Decision,Slovenia_72,2024,SI,,NoFormalMeasure
Decision|Slovenia_73,Decision,Slovenia_73,2024,SI,,NoFormalMeasure
Decision|Slovenia_74,Decision,Slovenia_74,2025,SI,,ComplianceOrder
Decision|Slovenia_75,Decision,Slovenia_75,2021,SI,,NoFormalMeasure
Decision|Slovenia_76,Decision,Slovenia_76,,NOT_DISCUSSED,,NoFormalMeasure
Decision|Slovenia_77,Decision,Slovenia_77,2023,SI,,NoFormalMeasure
Decision|Slovenia_78,Decision,Slovenia_78,2023,SI,,ComplianceOrder
Decision|Slovakia_1,Decision,Slovakia_1,2021,SK,,NoFormalMeasure
Decision|Romania_1,Decision,Romania_1,2023,RO,497.324,ComplianceOrder
Decision|Romania_2,Decision,Romania_2,2023,RO,1987.478,NoFormalMeasure
Decision|Romania_3,Decision,Romania_3,2023,RO,3007.578,ComplianceOrder
Decision|Romania_4,Decision,Romania_4,2023,RO,2980.914,NoFormalMeasure
Decision|Romania_5,Decision,Romania_5,2021,RO,494.711,ErasureOrRestrictionOrder
Decision|Romania_6,Decision,Romania_6,2023,RO,2226.646,NoFormalMeasure
Decision|Romania_8,Decision,Romania_8,2023,RO,606000.0,ComplianceOrder
Decision|Romania_9,Decision,Romania_9,2023,RO,1985.256,ComplianceOrder
Decision|Italy_310,Decision,Italy_310,2025,IT,,Reprimand
Decision|Italy_311,Decision,Italy_311,2025,IT,100000.0,ErasureOrRestrictionOrder
Decision|Italy_312,Decision,Italy_312,2025,IT,,NoFormalMeasure
Decision|Italy_313,Decision,Italy_313,2025,IT,21000.0,ComplianceOrder
Decision|Italy_314,Decision,Italy_314,2025,IT,,ComplianceOrder
Decision|Italy_315,Decision,Italy_315,2025,IT,80000.0,NoFormalMeasure
Decision|Italy_316,Decision,Italy_316,2024,IT,0.0,NoFormalMeasure
Decision|Ireland_1,Decision,Ireland_1,2020,IE,,Reprimand
Decision|Ireland_2,Decision,Ireland_2,,NOT_DISCUSSED,,NoFormalMeasure
Decision|Ireland_5,Decision,Ireland_5,,NOT_DISCUSSED,,NoFormalMeasure
Decision|Ireland_6,Decision,Ireland_6,2020,IE,70000.0,ComplianceOrder
Decision|Ireland_7,Decision,Ireland_7,2020,IE,75000.0,ComplianceOrder
Decision|Ireland_8,Decision,Ireland_8,2023,IE,,NoFormalMeasure
Decision|Ireland_9,Decision,Ireland_9,2023,IE,,NoFormalMeasure
Decision|Ireland_10,Decision,Ireland_10,2023,IE,,ErasureOrRestrictionOrder
Decision|Ireland_11,Decision,Ireland_11,,NOT_DISCUSSED,,NoFormalMeasure
Decision|Ireland_12,Decision,Ireland_12,,NOT_DISCUSSED,,NoFormalMeasure
Decision|Ireland_13,Decision,Ireland_13,2019,IE,125000.0,ComplianceOrder
Decision|Ireland_14,Decision,Ireland_14,2025,IE,550000.0,ErasureOrRestrictionOrder
Decision|Ireland_15,Decision,Ireland_15,,NOT_DISCUSSED,,NoFormalMeasure
Decision|Ireland_16,Decision,Ireland_16,,IE,,NoFormalMeasure
Decision|Ireland_17,Decision,Ireland_17,2023,IE,22500.0,ErasureOrRestrictionOrder
Decision|Ireland_18,Decision,Ireland_18,,NOT_DISCUSSED,,NoFormalMeasure
Decision|Ireland_19,Decision,Ireland_19,2024,IE,,Reprimand
Decision|Ireland_20,Decision,Ireland_20,,NOT_DISCUSSED,,NoFormalMeasure
Decision|Ireland_22,Decision,Ireland_22,,NOT_DISCUSSED,,NoFormalMeasure
Decision|Ireland_23,Decision,Ireland_23,0,NOT_DISCUSSED,,NoFormalMeasure
Decision|Ireland_24,Decision,Ireland_24,2022,IE,,NoFormalMeasure
Decision|Ireland_25,Decision,Ireland_25,,NOT_DISCUSSED,,NoFormalMeasure
Decision|Ireland_26,Decision,Ireland_26,,NOT_DISCUSSED,,NoFormalMeasure
Decision|Ireland_27,Decision,Ireland_27,0,NOT_DISCUSSED,,NoFormalMeasure
Decision|Ireland_28,Decision,Ireland_28,,NOT_DISCUSSED,,NoFormalMeasure
Decision|Ireland_29,Decision,Ireland_29,2020,IE,,NoFormalMeasure
Decision|Ireland_30,Decision,Ireland_30,2022,IE,50000.0,ComplianceOrder
Decision|Ireland_31,Decision,Ireland_31,,NOT_DISCUSSED,,NoFormalMeasure
Decision|Ireland_32,Decision,Ireland_32,2024,IE,,NoFormalMeasure
Decision|Ireland_33,Decision,Ireland_33,,NOT_DISCUSSED,,NoFormalMeasure
Decision|Ireland_34,Decision,Ireland_34,2023,IE,,ErasureOrRestrictionOrder
Decision|Ireland_35,Decision,Ireland_35,2024,IE,,Reprimand
Decision|Ireland_36,Decision,Ireland_36,,NOT_DISCUSSED,,NoFormalMeasure
Decision|Ireland_37,Decision,Ireland_37,,NOT_DISCUSSED,,NoFormalMeasure
Decision|Ireland_38,Decision,Ireland_38,2024,IE,251000000.0,Reprimand
Decision|Ireland_39,Decision,Ireland_39,,NOT_DISCUSSED,,NoFormalMeasure
Decision|Ireland_40,Decision,Ireland_40,,NOT_DISCUSSED,,NoFormalMeasure
Decision|Ireland_41,Decision,Ireland_41,,NOT_DISCUSSED,,NoFormalMeasure
Decision|Ireland_42,Decision,Ireland_42,2022,IE,17000000.0,NoFormalMeasure
Decision|Ireland_43,Decision,Ireland_43,,NOT_DISCUSSED,,NoFormalMeasure
Decision|Ireland_44,Decision,Ireland_44,2025,IE,530000000.0,Suspension
Decision|Ireland_45,Decision,Ireland_45,2023,IE,,NoFormalMeasure
Decision|Iceland_1,Decision,Iceland_1,2020,IS,,ErasureOrRestrictionOrder
Decision|Iceland_2,Decision,Iceland_2,2020,IS,,NoFormalMeasure
Decision|Iceland_3,Decision,Iceland_3,2020,IS,8840.0,NoFormalMeasure
Decision|Iceland_4,Decision,Iceland_4,2020,IS,,ComplianceOrder
Decision|Iceland_5,Decision,Iceland_5,2020,IS,20400.0,ComplianceOrder
Decision|Iceland_6,Decision,Iceland_6,2021,IS,,NoFormalMeasure
Decision|Iceland_7,Decision,Iceland_7,2020,IS,,ErasureOrRestrictionOrder
Decision|Iceland_8,Decision,Iceland_8,2020,IS,,ErasureOrRestrictionOrder
Decision|Iceland_9,Decision,Iceland_9,2021,IS,,ComplianceOrder
Decision|Iceland_10,Decision,Iceland_10,2020,IS,,ErasureOrRestrictionOrder
Decision|Iceland_11,Decision,Iceland_11,2020,IS,,NoFormalMeasure
Decision|Iceland_12,Decision,Iceland_12,2020,IS,,NoFormalMeasure
Decision|Iceland_13,Decision,Iceland_13,2020,IS,,NoFormalMeasure
Decision|Iceland_14,Decision,Iceland_14,2020,IS,,NoFormalMeasure
Decision|Iceland_15,Decision,Iceland_15,2020,IS,,NoFormalMeasure
Decision|Iceland_16,Decision,Iceland_16,2021,IS,,NoFormalMeasure
Decision|Iceland_17,Decision,Iceland_17,2020,IS,,ErasureOrRestrictionOrder
Decision|Iceland_18,Decision,Iceland_18,2020,IS,,NoFormalMeasure
Decision|Iceland_19,Decision,Iceland_19,2020,IS,,NoFormalMeasure
Decision|Iceland_20,Decision,Iceland_20,2021,IS,,NoFormalMeasure
Decision|Iceland_21,Decision,Iceland_21,2021,IS,,NoFormalMeasure
Decision|Iceland_22,Decision,Iceland_22,2020,IS,,ComplianceOrder
Decision|Iceland_23,Decision,Iceland_23,2020,IS,,NoFormalMeasure
Decision|Iceland_24,Decision,Iceland_24,2020,IS,,NoFormalMeasure
Decision|Iceland_25,Decision,Iceland_25,2020,IS,,NoFormalMeasure
Decision|Iceland_26,Decision,Iceland_26,2020,IS,,NoFormalMeasure
Decision|Iceland_27,Decision,Iceland_27,2020,IS,,NoFormalMeasure
Decision|Iceland_28,Decision,Iceland_28,2021,IS,,NoFormalMeasure
Decision|Iceland_29,Decision,Iceland_29,2020,IS,,NoFormalMeasure
Decision|Iceland_30,Decision,Iceland_30,2021,IS,,NoFormalMeasure
Decision|Iceland_31,Decision,Iceland_31,2021,IS,,NoFormalMeasure
Decision|Iceland_32,Decision,Iceland_32,2020,IS,,NoFormalMeasure
Decision|Iceland_33,Decision,Iceland_33,2020,IS,,NoFormalMeasure
Decision|Iceland_34,Decision,Iceland_34,2021,IS,,ComplianceOrder
Decision|Iceland_35,Decision,Iceland_35,2021,IS,,NoFormalMeasure
Decision|Iceland_36,Decision,Iceland_36,2021,IS,,ComplianceOrder
Decision|Iceland_37,Decision,Iceland_37,2020,IS,,NoFormalMeasure
Decision|Iceland_38,Decision,Iceland_38,2019,IS,,NoFormalMeasure
Decision|Iceland_39,Decision,Iceland_39,2019,IS,,ComplianceOrder
Decision|Iceland_40,Decision,Iceland_40,2019,IS,,ComplianceOrder
Decision|Iceland_41,Decision,Iceland_41,2021,IS,,NoFormalMeasure
Decision|Iceland_42,Decision,Iceland_42,2021,IS,23100.0,ComplianceOrder
Decision|Iceland_43,Decision,Iceland_43,2021,IS,,NoFormalMeasure
Decision|Iceland_44,Decision,Iceland_44,2021,IS,,NoFormalMeasure
Decision|Iceland_45,Decision,Iceland_45,2022,IS,6900.0,ErasureOrRestrictionOrder
Decision|Iceland_46,Decision,Iceland_46,2021,IS,,NoFormalMeasure
Decision|Iceland_47,Decision,Iceland_47,2021,IS,,NoFormalMeasure
Decision|Iceland_48,Decision,Iceland_48,2021,IS,,NoFormalMeasure
Decision|Iceland_49,Decision,Iceland_49,2022,IS,,NoFormalMeasure
Decision|Iceland_50,Decision,Iceland_50,2021,IS,,NoFormalMeasure
Decision|Iceland_51,Decision,Iceland_51,2021,IS,,ComplianceOrder
Decision|Iceland_52,Decision,Iceland_52,2022,NO,,NoFormalMeasure
Decision|Iceland_53,Decision,Iceland_53,2022,IS,,ComplianceOrder
Decision|Iceland_55,Decision,Iceland_55,2022,IS,,ComplianceOrder
Decision|Iceland_56,Decision,Iceland_56,2022,IS,,NoFormalMeasure
Decision|Iceland_57,Decision,Iceland_57,2021,IS,,ErasureOrRestrictionOrder
Decision|Iceland_58,Decision,Iceland_58,2021,IS,,NoFormalMeasure
Decision|Iceland_59,Decision,Iceland_59,2023,IS,,NoFormalMeasure
Decision|Iceland_60,Decision,Iceland_60,2022,IS,,NoFormalMeasure
Decision|Iceland_61,Decision,Iceland_61,2023,NO,,NoFormalMeasure
Decision|Iceland_62,Decision,Iceland_62,2022,IS,,NoFormalMeasure
Decision|Iceland_63,Decision,Iceland_63,2022,SE,,ComplianceOrder
Decision|Iceland_64,Decision,Iceland_64,2023,NO,,NoFormalMeasure
Decision|Iceland_65,Decision,Iceland_65,2023,IS,,ComplianceOrder
Decision|Iceland_66,Decision,Iceland_66,2023,IS,,NoFormalMeasure
Decision|Iceland_67,Decision,Iceland_67,2022,IS,,NoFormalMeasure
Decision|Iceland_68,Decision,Iceland_68,2022,IS,,NoFormalMeasure
Decision|Iceland_69,Decision,Iceland_69,2022,IS,,NoFormalMeasure
Decision|Iceland_70,Decision,Iceland_70,2022,IS,,NoFormalMeasure
Decision|Iceland_71,Decision,Iceland_71,2022,IS,,ComplianceOrder
Decision|Iceland_72,Decision,Iceland_72,2022,IS,,ComplianceOrder
Decision|Iceland_73,Decision,Iceland_73,,IS,,NoFormalMeasure
Decision|Iceland_74,Decision,Iceland_74,2022,IS,,NoFormalMeasure
Decision|Iceland_75,Decision,Iceland_75,2022,NO,,ComplianceOrder
Decision|Iceland_76,Decision,Iceland_76,2021,IS,,NoFormalMeasure
Decision|Iceland_77,Decision,Iceland_77,2021,IS,,ErasureOrRestrictionOrder
Decision|Iceland_78,Decision,Iceland_78,2021,IS,,NoFormalMeasure
Decision|Iceland_79,Decision,Iceland_79,2021,IS,,NoFormalMeasure
Decision|Iceland_80,Decision,Iceland_80,2021,IS,,NoFormalMeasure
Decision|Iceland_81,Decision,Iceland_81,2023,IS,80400.0,NoFormalMeasure
Decision|Iceland_82,Decision,Iceland_82,2023,IS,253641.23,NoFormalMeasure
Decision|Iceland_83,Decision,Iceland_83,2022,IS,,NoFormalMeasure
Decision|Iceland_84,Decision,Iceland_84,2023,IS,,NoFormalMeasure
Decision|Iceland_85,Decision,Iceland_85,,NOT_DISCUSSED,,NoFormalMeasure
Decision|Iceland_86,Decision,Iceland_86,2023,IS,,NoFormalMeasure
Decision|Iceland_87,Decision,Iceland_87,2023,IS,,NoFormalMeasure
Decision|Iceland_88,Decision,Iceland_88,2024,IS,,NoFormalMeasure
Decision|Iceland_89,Decision,Iceland_89,2023,IS,,ErasureOrRestrictionOrder
Decision|Iceland_90,Decision,Iceland_90,2024,IS,,ComplianceOrder
Decision|Iceland_92,Decision,Iceland_92,2024,IS,,NoFormalMeasure
Decision|Iceland_93,Decision,Iceland_93,2023,IS,,NoFormalMeasure
Decision|Iceland_94,Decision,Iceland_94,2023,IS,,NoFormalMeasure
Decision|Iceland_95,Decision,Iceland_95,2023,IS,50250.0,NoFormalMeasure
Decision|Iceland_96,Decision,Iceland_96,2023,IS,,NoFormalMeasure
Decision|Iceland_97,Decision,Iceland_97,2024,IS,,NoFormalMeasure
Decision|Iceland_98,Decision,Iceland_98,2025,IS,33500.0,NoFormalMeasure
Decision|Iceland_99,Decision,Iceland_99,2023,IS,,ErasureOrRestrictionOrder
Decision|Iceland_100,Decision,Iceland_100,2023,IS,,NoFormalMeasure
Decision|Iceland_101,Decision,Iceland_101,2023,IS,,NoFormalMeasure
Decision|Iceland_102,Decision,Iceland_102,2024,IS,,NoFormalMeasure
Decision|Iceland_103,Decision,Iceland_103,2019,IS,,ErasureOrRestrictionOrder
Decision|Iceland_104,Decision,Iceland_104,2019,IS,,NoFormalMeasure
Decision|Hungary_1,Decision,Hungary_1,2023,HU,,ComplianceOrder
Decision|Hungary_2,Decision,Hungary_2,,NOT_DISCUSSED,,NoFormalMeasure
Decision|Hungary_3,Decision,Hungary_3,,NOT_DISCUSSED,,NoFormalMeasure
Decision|Hungary_4,Decision,Hungary_4,2020,HU,285.0,ErasureOrRestrictionOrder
Decision|Hungary_5,Decision,Hungary_5,2020,HU,570.0,ComplianceOrder
Decision|Hungary_6,Decision,Hungary_6,2020,HU,57000.0,NoFormalMeasure
Decision|Hungary_7,Decision,Hungary_7,2020,HU,1710.0,Reprimand
Decision|Hungary_8,Decision,Hungary_8,2020,HU,2850.0,ErasureOrRestrictionOrder
Decision|Hungary_10,Decision,Hungary_10,2020,HU,,ComplianceOrder
Decision|Hungary_11,Decision,Hungary_11,2020,HU,855.0,Reprimand
Decision|Hungary_12,Decision,Hungary_12,2020,HU,1995.0,ComplianceOrder
Decision|Hungary_13,Decision,Hungary_13,2020,HU,,Warning
Decision|Hungary_14,Decision,Hungary_14,2020,HU,28.5,NoFormalMeasure
Decision|Hungary_15,Decision,Hungary_15,2020,HU,,NoFormalMeasure
Decision|Hungary_16,Decision,Hungary_16,2020,HU,,Warning
Decision|Hungary_17,Decision,Hungary_17,2023,HU,131.0,Reprimand
Decision|Hungary_18,Decision,Hungary_18,2023,HU,209600.0,ErasureOrRestrictionOrder
Decision|Hungary_19,Decision,Hungary_19,2024,HU,,ComplianceOrder
Decision|Hungary_20,Decision,Hungary_20,2022,HU,,Reprimand
Decision|Hungary_22,Decision,Hungary_22,2022,HU,7680.000000000001,ErasureOrRestrictionOrder
Decision|Hungary_23,Decision,Hungary_23,2022,HU,12800.000000000002,Reprimand
Decision|Hungary_25,Decision,Hungary_25,2022,HU,7680.000000000001,ErasureOrRestrictionOrder
Decision|Hungary_26,Decision,Hungary_26,2021,HU,27900.0,ErasureOrRestrictionOrder
Decision|Hungary_27,Decision,Hungary_27,2022,HU,1280.0,ComplianceOrder
Decision|Hungary_28,Decision,Hungary_28,2022,HU,1280.0,ComplianceOrder
Decision|Hungary_30,Decision,Hungary_30,2021,HU,,ErasureOrRestrictionOrder
Decision|Hungary_31,Decision,Hungary_31,2023,HU,,Reprimand
Decision|Hungary_32,Decision,Hungary_32,2022,HU,7680.000000000001,ComplianceOrder
Decision|Hungary_33,Decision,Hungary_33,2020,HU,57000.0,NoFormalMeasure
Decision|Hungary_34,Decision,Hungary_34,2020,HU,99750.0,ErasureOrRestrictionOrder
Decision|Hungary_35,Decision,Hungary_35,2022,HU,76800.0,ErasureOrRestrictionOrder
Decision|Hungary_36,Decision,Hungary_36,2022,HU,25600.000000000004,Reprimand
Decision|Hungary_37,Decision,Hungary_37,,NOT_DISCUSSED,,NoFormalMeasure
Decision|Hungary_38,Decision,Hungary_38,2022,HU,768.0000000000001,Reprimand
Decision|Hungary_39,Decision,Hungary_39,2021,HU,13950.0,ComplianceOrder
Decision|Hungary_40,Decision,Hungary_40,2021,HU,,ComplianceOrder
Decision|Hungary_41,Decision,Hungary_41,2024,HU,,Reprimand
Decision|Hungary_42,Decision,Hungary_42,2022,HU,25600.000000000004,ComplianceOrder
Decision|Hungary_43,Decision,Hungary_43,2023,HU,,ComplianceOrder
Decision|Hungary_44,Decision,Hungary_44,,NOT_DISCUSSED,,NoFormalMeasure
Decision|Hungary_45,Decision,Hungary_45,2024,HU,207200.0,ComplianceOrder
Decision|Hungary_46,Decision,Hungary_46,2023,HU,26200.0,ErasureOrRestrictionOrder
Decision|Hungary_48,Decision,Hungary_48,2021,HU,,ComplianceOrder
Decision|Hungary_50,Decision,Hungary_50,,NOT_DISCUSSED,,NoFormalMeasure
Decision|Hungary_51,Decision,Hungary_51,2022,HU,,NoFormalMeasure
Decision|Hungary_53,Decision,Hungary_53,2022,HU,,Reprimand
Decision|Hungary_54,Decision,Hungary_54,2023,HU,,NoFormalMeasure
Decision|Hungary_56,Decision,Hungary_56,2022,HU,204800.00000000003,ErasureOrRestrictionOrder
Decision|Hungary_57,Decision,Hungary_57,2022,HU,1280.0,ComplianceOrder
Decision|Hungary_58,Decision,Hungary_58,,NOT_APPLICABLE,,NoFormalMeasure
Decision|Hungary_59,Decision,Hungary_59,2022,HU,5120.0,ComplianceOrder
Decision|Hungary_60,Decision,Hungary_60,2023,HU,,NoFormalMeasure
Decision|Greece_1,Decision,Greece_1,2022,EL,1000.0,NoFormalMeasure
Decision|Greece_2,Decision,Greece_2,,NOT_DISCUSSED,,NoFormalMeasure
Decision|Greece_3,Decision,Greece_3,2023,GR,5000.0,NoFormalMeasure
Decision|Greece_4,Decision,Greece_4,2025,GR,220000.0,Reprimand
Decision|Greece_5,Decision,Greece_5,2020,GR,5000.0,NoFormalMeasure
Decision|Greece_6,Decision,Greece_6,2022,GR,,ComplianceOrder
Decision|Greece_7,Decision,Greece_7,2022,GR,,Reprimand
Decision|Greece_8,Decision,Greece_8,2023,EL,25000.0,NoFormalMeasure
Decision|Greece_9,Decision,Greece_9,2020,GR,5000.0,NoFormalMeasure
Decision|Greece_10,Decision,Greece_10,2022,GR,,ErasureOrRestrictionOrder
Decision|Greece_11,Decision,Greece_11,2023,GR,,NoFormalMeasure
Decision|Greece_12,Decision,Greece_12,,NOT_DISCUSSED,,NoFormalMeasure
Decision|Greece_13,Decision,Greece_13,2020,GR,8000.0,NoFormalMeasure
Decision|Greece_14,Decision,Greece_14,2021,GR,6000000.0,ErasureOrRestrictionOrder
Decision|Greece_15,Decision,Greece_15,,GR,,NoFormalMeasure
Decision|Greece_16,Decision,Greece_16,2023,GR,10000.0,ComplianceOrder
Decision|Greece_17,Decision,Greece_17,2020,GR,,Reprimand
Decision|Greece_18,Decision,Greece_18,2023,GR,10000.0,Warning
Decision|Greece_19,Decision,Greece_19,2024,GR,2000.0,Reprimand
Decision|Greece_20,Decision,Greece_20,2021,GR,,NoFormalMeasure
Decision|Greece_21,Decision,Greece_21,,GR,,NoFormalMeasure
Decision|Greece_22,Decision,Greece_22,0,GR,,ComplianceOrder
Decision|Greece_23,Decision,Greece_23,2025,GR,3000.0,NoFormalMeasure
Decision|Greece_24,Decision,Greece_24,,NOT_DISCUSSED,,NoFormalMeasure
Decision|Greece_25,Decision,Greece_25,2025,GR,45000.0,NoFormalMeasure
Decision|Greece_26,Decision,Greece_26,2024,GR,127709.0,ErasureOrRestrictionOrder
Decision|Greece_27,Decision,Greece_27,2025,GR,1000.0,NoFormalMeasure
Decision|Greece_28,Decision,Greece_28,2024,GR,2995140.0,NoFormalMeasure
Decision|Greece_29,Decision,Greece_29,2025,GR,,NoFormalMeasure
Decision|Greece_30,Decision,Greece_30,2023,GR,,NoFormalMeasure
Decision|Greece_31,Decision,Greece_31,2023,GR,,NoFormalMeasure
Decision|Greece_32,Decision,Greece_32,2021,GR,2000.0,NoFormalMeasure
Decision|Greece_33,Decision,Greece_33,2022,GR,2000.0,NoFormalMeasure
Decision|Greece_34,Decision,Greece_34,2024,GR,,NoFormalMeasure
Decision|Greece_35,Decision,Greece_35,2021,GR,20000.0,NoFormalMeasure
Decision|Greece_36,Decision,Greece_36,2023,GR,,ComplianceOrder
Decision|Greece_37,Decision,Greece_37,2023,GR,,ComplianceOrder
Decision|Greece_38,Decision,Greece_38,2023,GR,,ErasureOrRestrictionOrder
Decision|Greece_39,Decision,Greece_39,2025,GR,5000.0,NoFormalMeasure
Decision|Greece_41,Decision,Greece_41,2020,GR,5000.0,ComplianceOrder
Decision|Greece_42,Decision,Greece_42,2024,GR,15000.0,Reprimand
Decision|Greece_43,Decision,Greece_43,2023,GR,,ComplianceOrder
Decision|Greece_44,Decision,Greece_44,,NOT_DISCUSSED,,NoFormalMeasure
Decision|Greece_45,Decision,Greece_45,2020,GR,,ComplianceOrder
Decision|Greece_46,Decision,Greece_46,2021,GR,5000.0,NoFormalMeasure
Decision|Greece_47,Decision,Greece_47,2022,GR,5000.0,NoFormalMeasure
Decision|Greece_48,Decision,Greece_48,,GR,,NoFormalMeasure
Decision|Greece_49,Decision,Greece_49,,GR,,ComplianceOrder
Decision|Greece_50,Decision,Greece_50,,NOT_DISCUSSED,,NoFormalMeasure
Decision|Greece_51,Decision,Greece_51,2021,EL,15000.0,ErasureOrRestrictionOrder
Decision|Greece_52,Decision,Greece_52,,NOT_DISCUSSED,,NoFormalMeasure
Decision|Greece_54,Decision,Greece_54,2022,GR,,NoFormalMeasure
Decision|Greece_55,Decision,Greece_55,,NOT_DISCUSSED,,NoFormalMeasure
Decision|Greece_56,Decision,Greece_56,2022,GR,20000.0,NoFormalMeasure
Decision|Greece_57,Decision,Greece_57,2023,GR,,NoFormalMeasure
Decision|Greece_58,Decision,Greece_58,0,NOT_DISCUSSED,,NoFormalMeasure
Decision|Greece_59,Decision,Greece_59,2023,GR,,NoFormalMeasure
Decision|Greece_60,Decision,Greece_60,2024,GR,7500.0,NoFormalMeasure
Decision|Greece_61,Decision,Greece_61,,NOT_DISCUSSED,,NoFormalMeasure
Decision|Greece_62,Decision,Greece_62,2021,GR,,ComplianceOrder
Decision|Greece_63,Decision,Greece_63,2023,GR,,ComplianceOrder
Decision|Greece_64,Decision,Greece_64,2023,GR,,Reprimand
Decision|Greece_65,Decision,Greece_65,2023,GR,,ComplianceOrder
Decision|Greece_66,Decision,Greece_66,2023,GR,,ComplianceOrder
Decision|Greece_67,Decision,Greece_67,,NOT_DISCUSSED,,NoFormalMeasure
Decision|Greece_68,Decision,Greece_68,2023,GR,50000.0,ComplianceOrder
Decision|Greece_69,Decision,Greece_69,2024,GR,1400.0,NoFormalMeasure
Decision|Greece_70,Decision,Greece_70,,NOT_DISCUSSED,,NoFormalMeasure
Decision|Greece_71,Decision,Greece_71,2023,GR,1000.0,ComplianceOrder
Decision|Greece_72,Decision,Greece_72,2024,GR,,Reprimand
Decision|Greece_73,Decision,Greece_73,2025,GR,10000.0,NoFormalMeasure
Decision|Greece_74,Decision,Greece_74,,NOT_DISCUSSED,,NoFormalMeasure
Decision|Greece_75,Decision,Greece_75,,NOT_DISCUSSED,,NoFormalMeasure
Decision|Greece_76,Decision,Greece_76,,NOT_DISCUSSED,,NoFormalMeasure
Decision|Greece_77,Decision,Greece_77,2023,DE,20000.0,NoFormalMeasure
Decision|Greece_78,Decision,Greece_78,2023,GR,60000.0,NoFormalMeasure
Decision|Greece_79,Decision,Greece_79,,NOT_DISCUSSED,,NoFormalMeasure
Decision|Greece_80,Decision,Greece_80,2022,GR,,ComplianceOrder
Decision|Greece_81,Decision,Greece_81,2020,GR,1000.0,NoFormalMeasure
Decision|Greece_82,Decision,Greece_82,2024,GR,15000.0,NoFormalMeasure
Decision|Greece_83,Decision,Greece_83,,NOT_DISCUSSED,,NoFormalMeasure
Decision|Greece_84,Decision,Greece_84,2020,GR,2000.0,NoFormalMeasure
Decision|Greece_85,Decision,Greece_85,2022,GR,200000.0,ComplianceOrder
Decision|Greece_86,Decision,Greece_86,2023,GR,,ErasureOrRestrictionOrder
Decision|Greece_87,Decision,Greece_87,,NOT_DISCUSSED,,NoFormalMeasure
Decision|Greece_88,Decision,Greece_88,2020,GR,,NoFormalMeasure
Decision|Greece_89,Decision,Greece_89,2021,GR,8000.0,NoFormalMeasure
Decision|Greece_90,Decision,Greece_90,2023,GR,150000.0,NoFormalMeasure
Decision|Greece_91,Decision,Greece_91,2024,GR,5000.0,NoFormalMeasure
Decision|Greece_92,Decision,Greece_92,2021,GR,10000.0,Warning
Decision|Greece_94,Decision,Greece_94,2021,EL,,ErasureOrRestrictionOrder
Decision|Greece_95,Decision,Greece_95,2022,GR,,NoFormalMeasure
Decision|Greece_96,Decision,Greece_96,2024,GR,3000.0,NoFormalMeasure
Decision|Greece_97,Decision,Greece_97,2021,ES,,Reprimand
Decision|Greece_98,Decision,Greece_98,,NOT_DISCUSSED,,NoFormalMeasure
Decision|Greece_99,Decision,Greece_99,2024,GR,50000.0,NoFormalMeasure
Decision|Greece_101,Decision,Greece_101,,NOT_DISCUSSED,,NoFormalMeasure
Decision|Greece_102,Decision,Greece_102,2022,GR,,NoFormalMeasure
Decision|Greece_103,Decision,Greece_103,2023,GR,,Reprimand
Decision|Greece_104,Decision,Greece_104,2021,GR,20000.0,NoFormalMeasure
Decision|Greece_105,Decision,Greece_105,0,PL,1000.0,NoFormalMeasure
Decision|Greece_106,Decision,Greece_106,2023,GR,,NoFormalMeasure
Decision|Greece_107,Decision,Greece_107,,NOT_DISCUSSED,,NoFormalMeasure
Decision|Greece_109,Decision,Greece_109,2024,GR,,ComplianceOrder
Decision|Greece_110,Decision,Greece_110,,GR,,NoFormalMeasure
Decision|Greece_111,Decision,Greece_111,2022,GR,3000.0,NoFormalMeasure
Decision|Greece_112,Decision,Greece_112,2021,GR,30000.0,Reprimand
Decision|Greece_114,Decision,Greece_114,2022,GR,20000.0,NoFormalMeasure
Decision|Greece_115,Decision,Greece_115,2024,GR,,ErasureOrRestrictionOrder
Decision|Greece_116,Decision,Greece_116,2021,GR,75000.0,NoFormalMeasure
Decision|Greece_117,Decision,Greece_117,2021,GR,30000.0,NoFormalMeasure
Decision|Greece_119,Decision,Greece_119,2021,GR,,NoFormalMeasure
Decision|Greece_120,Decision,Greece_120,,NOT_APPLICABLE,,NoFormalMeasure
Decision|Greece_121,Decision,Greece_121,2023,GR,,ComplianceOrder
Decision|Greece_122,Decision,Greece_122,2024,GR,10000.0,Reprimand
Decision|Greece_123,Decision,Greece_123,2024,GR,150000.0,ComplianceOrder
Decision|Greece_124,Decision,Greece_124,2020,GR,,ComplianceOrder
Decision|Germany_1,Decision,Germany_1,2023,DE,,ErasureOrRestrictionOrder
Decision|Germany_2,Decision,Germany_2,2022,DE,,NoFormalMeasure
Decision|Germany_3,Decision,Germany_3,2020,DE,,NoFormalMeasure
Decision|Germany_4,Decision,Germany_4,,NOT_DISCUSSED,,NoFormalMeasure
Decision|Germany_5,Decision,Germany_5,,NOT_DISCUSSED,,NoFormalMeasure
Decision|Germany_6,Decision,Germany_6,,NOT_DISCUSSED,,NoFormalMeasure
Decision|Germany_7,Decision,Germany_7,2020,DE,,ComplianceOrder
Decision|Germany_8,Decision,Germany_8,2023,DE,45000000.0,Warning
Decision|Germany_9,Decision,Germany_9,2023,DE,215000.0,NoFormalMeasure
Decision|Germany_10,Decision,Germany_10,2022,DE,525000.0,Warning
Decision|Germany_11,Decision,Germany_11,2023,DE,300000.0,NoFormalMeasure
Decision|Germany_12,Decision,Germany_12,2021,DE,,Reprimand
Decision|Germany_13,Decision,Germany_13,2021,DE,,Warning
Decision|Germany_14,Decision,Germany_14,2022,DE,,NoFormalMeasure
Decision|Germany_15,Decision,Germany_15,2023,DE,,NoFormalMeasure
Decision|Germany_16,Decision,Germany_16,2022,DE,,Reprimand
Decision|Germany_17,Decision,Germany_17,,NOT_DISCUSSED,,NoFormalMeasure
Decision|Germany_18,Decision,Germany_18,2021,DE,,NoFormalMeasure
Decision|Germany_19,Decision,Germany_19,2020,DE,,ComplianceOrder
Decision|Germany_20,Decision,Germany_20,2021,DE,,ComplianceOrder
Decision|Germany_21,Decision,Germany_21,2022,DE,,NoFormalMeasure
Decision|Germany_22,Decision,Germany_22,2023,DE,,NoFormalMeasure
Decision|Germany_23,Decision,Germany_23,2023,DE,75000.0,NoFormalMeasure
Decision|Germany_24,Decision,Germany_24,2022,DE,,NoFormalMeasure
Decision|Germany_25,Decision,Germany_25,2022,DE,,NoFormalMeasure
Decision|Germany_26,Decision,Germany_26,2022,DE,1000.0,NoFormalMeasure
Decision|Germany_27,Decision,Germany_27,2021,DE,,Warning
Decision|Germany_28,Decision,Germany_28,2021,DE,,ErasureOrRestrictionOrder
Decision|Germany_29,Decision,Germany_29,2023,DE,1000.0,NoFormalMeasure
Decision|Germany_30,Decision,Germany_30,2020,DE,35258707.0,ErasureOrRestrictionOrder
Decision|Germany_31,Decision,Germany_31,2023,DE,5000.0,NoFormalMeasure
Decision|Germany_32,Decision,Germany_32,2023,DE,900000.0,NoFormalMeasure
Decision|Germany_33,Decision,Germany_33,2021,DE,901388.0,NoFormalMeasure
Decision|Germany_34,Decision,Germany_34,2021,DE,,NoFormalMeasure
Decision|Germany_35,Decision,Germany_35,2021,DE,,Reprimand
Decision|Germany_36,Decision,Germany_36,2023,DE,900000.0,NoFormalMeasure
Decision|Germany_37,Decision,Germany_37,2020,DE,10400000.0,NoFormalMeasure
Decision|Germany_38,Decision,Germany_38,2021,DE,,NoFormalMeasure
Decision|Germany_39,Decision,Germany_39,2023,DE,50000.0,NoFormalMeasure
Decision|Germany_40,Decision,Germany_40,2023,DE,300000.0,NoFormalMeasure
Decision|Germany_41,Decision,Germany_41,2018,DE,20000.0,NoFormalMeasure
Decision|Germany_42,Decision,Germany_42,2022,DE,1900000.0,NoFormalMeasure
Decision|Germany_43,Decision,Germany_43,2023,DE,,ComplianceOrder
Decision|Germany_44,Decision,Germany_44,2019,DE,1100000.0,NoFormalMeasure
Decision|France_1,Decision,France_1,2023,FR,,NoFormalMeasure
Decision|France_2,Decision,France_2,2023,FR,,NoFormalMeasure
Decision|France_3,Decision,France_3,2023,FR,,NoFormalMeasure
Decision|France_4,Decision,France_4,,NOT_DISCUSSED,,NoFormalMeasure
Decision|France_5,Decision,France_5,2023,FR,,NoFormalMeasure
Decision|France_6,Decision,France_6,2022,FR,600000.0,NoFormalMeasure
Decision|France_7,Decision,France_7,2022,FR,60000000.0,ComplianceOrder
Decision|France_8,Decision,France_8,2020,FR,,ComplianceOrder
Decision|France_9,Decision,France_9,2019,FR,,ErasureOrRestrictionOrder
Decision|France_10,Decision,France_10,2020,FR,,ComplianceOrder
Decision|France_11,Decision,France_11,2021,FR,,ErasureOrRestrictionOrder
Decision|France_12,Decision,France_12,2021,FR,,ComplianceOrder
Decision|France_13,Decision,France_13,2019,FR,50000000.0,NoFormalMeasure
Decision|France_14,Decision,France_14,2019,FR,400000.0,NoFormalMeasure
Decision|France_16,Decision,France_16,2020,FR,250000.0,ComplianceOrder
Decision|France_18,Decision,France_18,2020,FR,800000.0,NoFormalMeasure
Decision|France_20,Decision,France_20,2020,FR,35000000.0,ComplianceOrder
Decision|France_21,Decision,France_21,2020,FR,3000.0,NoFormalMeasure
Decision|France_23,Decision,France_23,,NOT_DISCUSSED,,NoFormalMeasure
Decision|France_24,Decision,France_24,2020,FR,20000.0,ErasureOrRestrictionOrder
Decision|France_25,Decision,France_25,2020,FR,,NoFormalMeasure
Decision|France_26,Decision,France_26,2021,FR,,ComplianceOrder
Decision|France_27,Decision,France_27,2021,FR,100000.0,ComplianceOrder
Decision|France_28,Decision,France_28,,NOT_DISCUSSED,,NoFormalMeasure
Decision|France_29,Decision,France_29,2021,FR,1750000.0,NoFormalMeasure
Decision|France_30,Decision,France_30,2021,FR,400000.0,NoFormalMeasure
Decision|France_31,Decision,France_31,2021,FR,3000.0,ComplianceOrder
Decision|France_32,Decision,France_32,2021,FR,400000.0,NoFormalMeasure
Decision|France_33,Decision,France_33,2021,FR,180000.0,NoFormalMeasure
Decision|France_34,Decision,France_34,2021,FR,300000.0,NoFormalMeasure
Decision|France_35,Decision,France_35,2021,FR,120000.0,NoFormalMeasure
Decision|France_36,Decision,France_36,2021,FR,90000000.0,ComplianceOrder
Decision|France_37,Decision,France_37,2022,FR,1500000.0,NoFormalMeasure
Decision|France_38,Decision,France_38,2022,FR,1000000.0,NoFormalMeasure
Decision|France_39,Decision,France_39,2022,FR,600000.0,NoFormalMeasure
Decision|France_40,Decision,France_40,2022,FR,250000.0,NoFormalMeasure
Decision|France_41,Decision,France_41,,NOT_DISCUSSED,,NoFormalMeasure
Decision|France_42,Decision,France_42,2022,FR,800000.0,NoFormalMeasure
Decision|France_43,Decision,France_43,2022,FR,300000.0,ComplianceOrder
Decision|France_44,Decision,France_44,2022,FR,,NoFormalMeasure
Decision|France_45,Decision,France_45,2022,FR,8000000.0,NoFormalMeasure
Decision|France_46,Decision,France_46,,NOT_DISCUSSED,,NoFormalMeasure
Decision|France_47,Decision,France_47,,NOT_DISCUSSED,,NoFormalMeasure
Decision|France_48,Decision,France_48,2023,FR,40000000.0,NoFormalMeasure
Decision|France_49,Decision,France_49,2023,FR,,NoFormalMeasure
Decision|France_50,Decision,France_50,2023,FR,600000.0,NoFormalMeasure
Decision|France_51,Decision,France_51,2023,FR,,NoFormalMeasure
Decision|France_52,Decision,France_52,2023,FR,5000.0,ComplianceOrder
Decision|France_53,Decision,France_53,2023,FR,32000000.0,NoFormalMeasure
Decision|France_55,Decision,France_55,2023,FR,10000000.0,NoFormalMeasure
Decision|France_56,Decision,France_56,2023,FR,75000.0,ComplianceOrder
Decision|France_57,Decision,France_57,2023,FR,,NoFormalMeasure
Decision|France_58,Decision,France_58,2023,FR,,NoFormalMeasure
Decision|France_59,Decision,France_59,2023,FR,,NoFormalMeasure
Decision|France_60,Decision,France_60,2024,FR,100000.0,NoFormalMeasure
Decision|France_61,Decision,France_61,2024,FR,310000.0,NoFormalMeasure
Decision|France_62,Decision,France_62,2024,FR,525000.0,NoFormalMeasure
Decision|France_63,Decision,France_63,2024,FR,800000.0,NoFormalMeasure
Decision|France_64,Decision,France_64,,NOT_DISCUSSED,,NoFormalMeasure
Decision|France_65,Decision,France_65,,NOT_DISCUSSED,,NoFormalMeasure
Decision|France_66,Decision,France_66,2024,FR,240000.0,ErasureOrRestrictionOrder
Decision|France_67,Decision,France_67,,NOT_DISCUSSED,,NoFormalMeasure
Decision|France_68,Decision,France_68,2025,FR,80000.0,NoFormalMeasure
Decision|France_69,Decision,France_69,2020,FR,150000.0,NoFormalMeasure
Decision|France_70,Decision,France_70,,NOT_DISCUSSED,,NoFormalMeasure
Decision|Finland_1,Decision,Finland_1,2023,FI,,Reprimand
Decision|Finland_2,Decision,Finland_2,2023,FI,,ComplianceOrder
Decision|Finland_3,Decision,Finland_3,,NOT_DISCUSSED,,NoFormalMeasure
Decision|Finland_4,Decision,Finland_4,2023,FI,440000.0,ErasureOrRestrictionOrder
Decision|Finland_5,Decision,Finland_5,,NOT_DISCUSSED,,NoFormalMeasure
Decision|Finland_6,Decision,Finland_6,2021,FI,,ErasureOrRestrictionOrder
Decision|Finland_7,Decision,Finland_7,2020,FI,,NoFormalMeasure
Decision|Finland_8,Decision,Finland_8,2023,FI,,ErasureOrRestrictionOrder
Decision|Finland_11,Decision,Finland_11,2019,FI,122000.0,ComplianceOrder
Decision|Finland_12,Decision,Finland_12,2022,FI,,NoFormalMeasure
Decision|Finland_13,Decision,Finland_13,2023,FI,,Reprimand
Decision|Finland_14,Decision,Finland_14,,NOT_DISCUSSED,,NoFormalMeasure
Decision|Finland_15,Decision,Finland_15,2023,FI,,ComplianceOrder
Decision|Finland_16,Decision,Finland_16,2021,FI,,ComplianceOrder
Decision|Finland_17,Decision,Finland_17,2021,FI,,Warning
Decision|Finland_18,Decision,Finland_18,2022,FI,,Reprimand
Decision|Finland_19,Decision,Finland_19,2021,FI,,NoFormalMeasure
Decision|Finland_20,Decision,Finland_20,2020,FI,,ComplianceOrder
Decision|Finland_21,Decision,Finland_21,2019,FI,,ComplianceOrder
Decision|Finland_22,Decision,Finland_22,2023,FI,,NoFormalMeasure
Decision|Finland_23,Decision,Finland_23,2022,FI,,Reprimand
Decision|Finland_24,Decision,Finland_24,2021,FI,,ComplianceOrder
Decision|Finland_25,Decision,Finland_25,2023,FI,,Reprimand
Decision|Finland_26,Decision,Finland_26,,NOT_DISCUSSED,,NoFormalMeasure
Decision|Finland_27,Decision,Finland_27,2021,FI,,NoFormalMeasure
Decision|Finland_28,Decision,Finland_28,,NOT_DISCUSSED,,NoFormalMeasure
Decision|Finland_29,Decision,Finland_29,2023,FI,,ComplianceOrder
Decision|Finland_30,Decision,Finland_30,2021,FI,25000.0,ErasureOrRestrictionOrder
Decision|Finland_31,Decision,Finland_31,,NOT_DISCUSSED,,NoFormalMeasure
Decision|Finland_32,Decision,Finland_32,2022,FI,,Warning
Decision|Finland_33,Decision,Finland_33,2022,FI,,Reprimand
Decision|Finland_34,Decision,Finland_34,2021,FI,6500.0,ComplianceOrder
Decision|Finland_35,Decision,Finland_35,2022,FI,,NoFormalMeasure
Decision|Finland_36,Decision,Finland_36,2021,FI,,ErasureOrRestrictionOrder
Decision|Finland_37,Decision,Finland_37,2018,FI,,ErasureOrRestrictionOrder
Decision|Finland_38,Decision,Finland_38,2021,FI,52000.0,ComplianceOrder
Decision|Finland_39,Decision,Finland_39,2022,FI,,ErasureOrRestrictionOrder
Decision|Finland_40,Decision,Finland_40,2022,FI,,ComplianceOrder
Decision|Finland_41,Decision,Finland_41,2020,FI,,Reprimand
Decision|Finland_42,Decision,Finland_42,2020,FI,,ComplianceOrder
Decision|Finland_43,Decision,Finland_43,2020,FI,,ComplianceOrder
Decision|Finland_45,Decision,Finland_45,2020,FI,,ComplianceOrder
Decision|Finland_46,Decision,Finland_46,2019,FI,,ComplianceOrder
Decision|Latvia_4,Decision,Latvia_4,2023,LV,,NoFormalMeasure
Decision|Latvia_5,Decision,Latvia_5,2023,LV,,ComplianceOrder
Decision|Latvia_6,Decision,Latvia_6,2023,LV,1000.0,NoFormalMeasure
Decision|Latvia_7,Decision,Latvia_7,2024,LV,,ComplianceOrder
Decision|Latvia_8,Decision,Latvia_8,2023,LV,800.0,NoFormalMeasure
Decision|Latvia_9,Decision,Latvia_9,2022,LV,1200000.0,ComplianceOrder
Decision|Latvia_10,Decision,Latvia_10,2022,LV,17495.0,ComplianceOrder
Decision|Latvia_11,Decision,Latvia_11,2024,LV,,ComplianceOrder
Decision|Latvia_12,Decision,Latvia_12,2023,LV,15000.0,ComplianceOrder
Decision|Latvia_14,Decision,Latvia_14,2020,LV,65000.0,ComplianceOrder
Decision|Italy_3,Decision,Italy_3,2020,IT,,NoFormalMeasure
Decision|Italy_4,Decision,Italy_4,2019,IT,30000.0,ComplianceOrder
Decision|Italy_8,Decision,Italy_8,,NOT_DISCUSSED,,NoFormalMeasure
Decision|Italy_9,Decision,Italy_9,2020,IT,,NoFormalMeasure
Decision|Italy_10,Decision,Italy_10,2016,IT,,NoFormalMeasure
Decision|Italy_12,Decision,Italy_12,2020,IT,,ComplianceOrder
Decision|Italy_13,Decision,Italy_13,2020,IT,3000.0,NoFormalMeasure
Decision|Italy_14,Decision,Italy_14,2020,IT,600000.0,NoFormalMeasure
Decision|Italy_16,Decision,Italy_16,2020,IT,800000.0,ComplianceOrder
Decision|Italy_18,Decision,Italy_18,2020,IT,4000.0,NoFormalMeasure
Decision|Italy_20,Decision,Italy_20,2019,IT,2000.0,NoFormalMeasure
Decision|Italy_21,Decision,Italy_21,2019,IT,5000.0,NoFormalMeasure
Decision|Italy_26,Decision,Italy_26,2020,IT,,NoFormalMeasure
Decision|Italy_27,Decision,Italy_27,2023,IT,2000.0,NoFormalMeasure
Decision|Italy_28,Decision,Italy_28,2020,IT,80000.0,NoFormalMeasure
Decision|Italy_31,Decision,Italy_31,2020,IT,20000.0,ComplianceOrder
Decision|Italy_32,Decision,Italy_32,2020,IT,10000.0,ErasureOrRestrictionOrder
Decision|Italy_34,Decision,Italy_34,2021,IT,,ErasureOrRestrictionOrder
Decision|Italy_36,Decision,Italy_36,2020,IT,100000.0,NoFormalMeasure
Decision|Italy_37,Decision,Italy_37,2021,IT,8000.0,NoFormalMeasure
Decision|Italy_38,Decision,Italy_38,2019,IT,,ComplianceOrder
Decision|Italy_42,Decision,Italy_42,2021,IT,,Reprimand
Decision|Italy_43,Decision,Italy_43,2020,IT,75000.0,NoFormalMeasure
Decision|Italy_46,Decision,Italy_46,2021,IT,,ErasureOrRestrictionOrder
Decision|Italy_47,Decision,Italy_47,2021,IT,,Warning
Decision|Italy_48,Decision,Italy_48,2021,IT,,NoFormalMeasure
Decision|Italy_51,Decision,Italy_51,2021,IT,,NoFormalMeasure
Decision|Italy_53,Decision,Italy_53,2021,IT,5000000.0,NoFormalMeasure
Decision|Italy_55,Decision,Italy_55,2021,IT,20000.0,NoFormalMeasure
Decision|Italy_56,Decision,Italy_56,2021,IT,120000.0,NoFormalMeasure
Decision|Italy_57,Decision,Italy_57,2021,IT,150000.0,NoFormalMeasure
Decision|Italy_58,Decision,Italy_58,2021,IT,40000.0,NoFormalMeasure
Decision|Italy_64,Decision,Italy_64,2021,IT,5000.0,NoFormalMeasure
Decision|Italy_67,Decision,Italy_67,2021,IT,400000.0,ComplianceOrder
Decision|Italy_68,Decision,Italy_68,2022,IT,4000.0,NoFormalMeasure
Decision|Italy_69,Decision,Italy_69,2022,IT,2000.0,ComplianceOrder
Decision|Italy_70,Decision,Italy_70,2022,IT,40000.0,ErasureOrRestrictionOrder
Decision|Italy_72,Decision,Italy_72,2022,IT,10000.0,NoFormalMeasure
Decision|Italy_74,Decision,Italy_74,2022,IT,10000.0,NoFormalMeasure
Decision|Italy_75,Decision,Italy_75,2022,IT,3500.0,NoFormalMeasure
Decision|Italy_76,Decision,Italy_76,2022,IT,,NoFormalMeasure
Decision|Italy_77,Decision,Italy_77,2022,IT,5000.0,ErasureOrRestrictionOrder
Decision|Italy_78,Decision,Italy_78,2022,IT,,NoFormalMeasure
Decision|Italy_79,Decision,Italy_79,2022,IT,8000.0,NoFormalMeasure
Decision|Italy_80,Decision,Italy_80,2022,IT,10000.0,NoFormalMeasure
Decision|Italy_82,Decision,Italy_82,2022,IT,50000.0,NoFormalMeasure
Decision|Italy_83,Decision,Italy_83,2022,IT,50000.0,ErasureOrRestrictionOrder
Decision|Italy_84,Decision,Italy_84,2022,IT,1000.0,NoFormalMeasure
Decision|Italy_86,Decision,Italy_86,2022,IT,,Reprimand
Decision|Italy_87,Decision,Italy_87,2022,IT,70000.0,NoFormalMeasure
Decision|Italy_88,Decision,Italy_88,2022,IT,40000.0,ErasureOrRestrictionOrder
Decision|Italy_89,Decision,Italy_89,2022,IT,50000.0,NoFormalMeasure
Decision|Italy_90,Decision,Italy_90,2022,IT,,Suspension
Decision|Italy_91,Decision,Italy_91,2022,IT,100000.0,NoFormalMeasure
Decision|Italy_93,Decision,Italy_93,2021,IT,,NoFormalMeasure
Decision|Italy_94,Decision,Italy_94,2022,IT,,ComplianceOrder
Decision|Italy_96,Decision,Italy_96,2022,IT,20000.0,NoFormalMeasure
Decision|Italy_97,Decision,Italy_97,2022,IT,5000.0,NoFormalMeasure
Decision|Italy_98,Decision,Italy_98,2022,IT,20000.0,ComplianceOrder
Decision|Italy_99,Decision,Italy_99,2022,IT,,NoFormalMeasure
Decision|Italy_101,Decision,Italy_101,2022,IT,2000.0,ComplianceOrder
Decision|Italy_104,Decision,Italy_104,2022,IT,15000.0,NoFormalMeasure
Decision|Italy_105,Decision,Italy_105,2022,IT,1000.0,ErasureOrRestrictionOrder
Decision|Italy_106,Decision,Italy_106,2022,IT,,NoFormalMeasure
Decision|Italy_107,Decision,Italy_107,2022,IT,40000.0,NoFormalMeasure
Decision|Italy_109,Decision,Italy_109,2022,IT,500000.0,ErasureOrRestrictionOrder
Decision|Italy_110,Decision,Italy_110,2022,IT,40000.0,NoFormalMeasure
Decision|Italy_111,Decision,Italy_111,2022,IT,10000.0,NoFormalMeasure
Decision|Italy_112,Decision,Italy_112,2022,IT,30000.0,NoFormalMeasure
Decision|Italy_113,Decision,Italy_113,2022,IT,900.0,NoFormalMeasure
Decision|Italy_114,Decision,Italy_114,2022,IT,2000000.0,ComplianceOrder
Decision|Italy_115,Decision,Italy_115,2022,IT,5000.0,NoFormalMeasure
Decision|Italy_117,Decision,Italy_117,2022,IT,20000.0,NoFormalMeasure
Decision|Italy_118,Decision,Italy_118,2022,IT,1000000.0,ComplianceOrder
Decision|Italy_119,Decision,Italy_119,2022,IT,10000.0,NoFormalMeasure
Decision|Italy_120,Decision,Italy_120,2022,IT,600000.0,NoFormalMeasure
Decision|Italy_122,Decision,Italy_122,2022,IT,20000.0,NoFormalMeasure
Decision|Italy_125,Decision,Italy_125,2022,IT,,Warning
Decision|Italy_126,Decision,Italy_126,2023,IT,2500.0,NoFormalMeasure
Decision|Italy_127,Decision,Italy_127,2022,IT,,NoFormalMeasure
Decision|Italy_129,Decision,Italy_129,2022,IT,30000.0,NoFormalMeasure
Decision|Italy_130,Decision,Italy_130,2023,IT,,ErasureOrRestrictionOrder
Decision|Italy_131,Decision,Italy_131,2023,IT,,ErasureOrRestrictionOrder
Decision|Italy_132,Decision,Italy_132,2023,IT,,NoFormalMeasure
Decision|Italy_133,Decision,Italy_133,2023,IT,,NoFormalMeasure
Decision|Italy_135,Decision,Italy_135,2022,IT,50000.0,NoFormalMeasure
Decision|Italy_136,Decision,Italy_136,2023,IT,,ComplianceOrder
Decision|Italy_137,Decision,Italy_137,2023,IT,5000.0,NoFormalMeasure
Decision|Italy_138,Decision,Italy_138,2023,IT,5000.0,NoFormalMeasure
Decision|Italy_139,Decision,Italy_139,,NOT_DISCUSSED,,NoFormalMeasure
Decision|Italy_141,Decision,Italy_141,2023,IT,,ErasureOrRestrictionOrder
Decision|Italy_142,Decision,Italy_142,2023,IT,,Warning
Decision|Italy_143,Decision,Italy_143,2023,IT,5000.0,NoFormalMeasure
Decision|Italy_144,Decision,Italy_144,2023,IT,,Reprimand
Decision|Italy_146,Decision,Italy_146,2023,IT,,ErasureOrRestrictionOrder
Decision|Italy_147,Decision,Italy_147,2023,IT,54609.0,ErasureOrRestrictionOrder
Decision|Italy_148,Decision,Italy_148,2023,IT,3000.0,NoFormalMeasure
Decision|Italy_149,Decision,Italy_149,2023,IT,,ErasureOrRestrictionOrder
Decision|Italy_150,Decision,Italy_150,2023,IT,1000.0,ComplianceOrder
Decision|Italy_151,Decision,Italy_151,2023,IT,,ComplianceOrder
Decision|Italy_152,Decision,Italy_152,2023,IT,,NoFormalMeasure
Decision|Italy_153,Decision,Italy_153,2023,IT,5000.0,ErasureOrRestrictionOrder
Decision|Italy_154,Decision,Italy_154,2023,IT,3000.0,ErasureOrRestrictionOrder
Decision|Italy_156,Decision,Italy_156,2023,IT,,ErasureOrRestrictionOrder
Decision|Italy_157,Decision,Italy_157,2023,IT,2000.0,NoFormalMeasure
Decision|Italy_158,Decision,Italy_158,2023,IT,,NoFormalMeasure
Decision|Italy_160,Decision,Italy_160,2023,IT,15000.0,NoFormalMeasure
Decision|Italy_164,Decision,Italy_164,2023,IT,15000.0,ErasureOrRestrictionOrder
Decision|Italy_165,Decision,Italy_165,2023,IT,40000.0,NoFormalMeasure
Decision|Italy_167,Decision,Italy_167,2023,IT,240000.0,ErasureOrRestrictionOrder
Decision|Italy_168,Decision,Italy_168,2023,IT,40660.0,ErasureOrRestrictionOrder
Decision|Italy_169,Decision,Italy_169,2023,IT,40000.0,NoFormalMeasure
Decision|Italy_170,Decision,Italy_170,2023,IT,1000000.0,NoFormalMeasure
Decision|Italy_171,Decision,Italy_171,2023,IT,300000.0,ComplianceOrder
Decision|Italy_172,Decision,Italy_172,2023,IT,20000.0,NoFormalMeasure
Decision|Italy_173,Decision,Italy_173,2023,IT,20000.0,NoFormalMeasure
Decision|Italy_176,Decision,Italy_176,2023,IT,45000.0,NoFormalMeasure
Decision|Italy_177,Decision,Italy_177,2023,IT,10000.0,NoFormalMeasure
Decision|Italy_178,Decision,Italy_178,2023,IT,100000.0,ComplianceOrder
Decision|Italy_179,Decision,Italy_179,2023,IT,,ComplianceOrder
Decision|Italy_180,Decision,Italy_180,2023,IT,40000.0,ErasureOrRestrictionOrder
Decision|Italy_182,Decision,Italy_182,2023,IT,5000.0,ErasureOrRestrictionOrder
Decision|Italy_183,Decision,Italy_183,2023,IT,1000.0,NoFormalMeasure
Decision|Italy_184,Decision,Italy_184,2023,IT,10000.0,NoFormalMeasure
Decision|Italy_186,Decision,Italy_186,2023,IT,90000.0,ErasureOrRestrictionOrder
Decision|Italy_189,Decision,Italy_189,2023,IT,10000.0,NoFormalMeasure
Decision|Italy_190,Decision,Italy_190,2023,IT,70000.0,ErasureOrRestrictionOrder
Decision|Italy_191,Decision,Italy_191,2023,IT,,Reprimand
Decision|Italy_193,Decision,Italy_193,2023,IT,,ComplianceOrder
Decision|Italy_194,Decision,Italy_194,2023,IT,20000.0,NoFormalMeasure
Decision|Italy_195,Decision,Italy_195,2023,IT,20000.0,ErasureOrRestrictionOrder
Decision|Italy_196,Decision,Italy_196,2023,IT,40000.0,NoFormalMeasure
Decision|Italy_197,Decision,Italy_197,2023,IT,1000.0,NoFormalMeasure
Decision|Italy_198,Decision,Italy_198,2023,IT,,ComplianceOrder
Decision|Italy_199,Decision,Italy_199,2023,IT,10000.0,ErasureOrRestrictionOrder
Decision|Italy_200,Decision,Italy_200,2023,IT,,ErasureOrRestrictionOrder
Decision|Italy_201,Decision,Italy_201,2023,IT,,Warning
Decision|Italy_202,Decision,Italy_202,2023,IT,60000.0,ErasureOrRestrictionOrder
Decision|Italy_203,Decision,Italy_203,2023,IT,1000.0,ComplianceOrder
Decision|Italy_204,Decision,Italy_204,2023,IT,500.0,NoFormalMeasure
Decision|Italy_205,Decision,Italy_205,2023,IT,,Reprimand
Decision|Italy_207,Decision,Italy_207,2024,IT,5000.0,NoFormalMeasure
Decision|Italy_208,Decision,Italy_208,2023,IT,18000.0,NoFormalMeasure
Decision|Italy_209,Decision,Italy_209,2024,IT,8000.0,ComplianceOrder
Decision|Italy_210,Decision,Italy_210,2024,IT,20000.0,NoFormalMeasure
Decision|Italy_211,Decision,Italy_211,2024,IT,2000.0,NoFormalMeasure
Decision|Italy_212,Decision,Italy_212,2024,IT,,ComplianceOrder
Decision|Italy_214,Decision,Italy_214,2024,IT,8000.0,NoFormalMeasure
Decision|Italy_215,Decision,Italy_215,2024,IT,2800000.0,NoFormalMeasure
Decision|Italy_216,Decision,Italy_216,2024,IT,800000.0,NoFormalMeasure
Decision|Italy_217,Decision,Italy_217,2024,IT,300000.0,NoFormalMeasure
Decision|Italy_218,Decision,Italy_218,2024,IT,15000.0,NoFormalMeasure
Decision|Italy_219,Decision,Italy_219,2024,IT,2000.0,NoFormalMeasure
Decision|Italy_220,Decision,Italy_220,2024,IT,5000.0,ComplianceOrder
Decision|Italy_221,Decision,Italy_221,2024,IT,6000.0,NoFormalMeasure
Decision|Italy_222,Decision,Italy_222,2024,IT,18000.0,NoFormalMeasure
Decision|Italy_223,Decision,Italy_223,2024,IT,70000.0,NoFormalMeasure
Decision|Italy_225,Decision,Italy_225,2024,IT,5000.0,ComplianceOrder
Decision|Italy_226,Decision,Italy_226,2023,IT,,Reprimand
Decision|Italy_227,Decision,Italy_227,2024,IT,,Warning
Decision|Italy_228,Decision,Italy_228,2024,IT,75000.0,NoFormalMeasure
Decision|Italy_230,Decision,Italy_230,2024,IT,20000.0,NoFormalMeasure
Decision|Italy_231,Decision,Italy_231,2024,IT,150000.0,NoFormalMeasure
Decision|Italy_232,Decision,Italy_232,2024,IT,100000.0,ErasureOrRestrictionOrder
Decision|Italy_233,Decision,Italy_233,2024,IT,10000.0,NoFormalMeasure
Decision|Italy_234,Decision,Italy_234,2024,IT,25000.0,NoFormalMeasure
Decision|Italy_235,Decision,Italy_235,2024,IT,3000.0,ComplianceOrder
Decision|Italy_236,Decision,Italy_236,2024,IT,6000.0,NoFormalMeasure
Decision|Italy_237,Decision,Italy_237,2024,IT,30000.0,NoFormalMeasure
Decision|Italy_238,Decision,Italy_238,2024,IT,20000.0,NoFormalMeasure
Decision|Italy_239,Decision,Italy_239,2024,IT,10000.0,NoFormalMeasure
Decision|Italy_240,Decision,Italy_240,2024,IT,,NoFormalMeasure
Decision|Italy_241,Decision,Italy_241,2024,IT,30000.0,ComplianceOrder
Decision|Italy_242,Decision,Italy_242,2024,IT,,Reprimand
Decision|Italy_243,Decision,Italy_243,2024,IT,75000.0,ComplianceOrder
Decision|Italy_246,Decision,Italy_246,2024,IT,120000.0,ComplianceOrder
Decision|Italy_247,Decision,Italy_247,2024,IT,4500.0,NoFormalMeasure
Decision|Italy_248,Decision,Italy_248,2024,IT,8400.0,NoFormalMeasure
Decision|Italy_249,Decision,Italy_249,2024,IT,,Reprimand
Decision|Italy_250,Decision,Italy_250,2024,IT,,Reprimand
Decision|Italy_251,Decision,Italy_251,2024,IT,24000.0,NoFormalMeasure
Decision|Italy_252,Decision,Italy_252,2024,IT,20000.0,NoFormalMeasure
Decision|Italy_253,Decision,Italy_253,2024,IT,,Reprimand
Decision|Italy_254,Decision,Italy_254,2024,IT,,Reprimand
Decision|Italy_256,Decision,Italy_256,2024,IT,250000.0,NoFormalMeasure
Decision|Italy_257,Decision,Italy_257,2024,IT,10000.0,NoFormalMeasure
Decision|Italy_258,Decision,Italy_258,2024,IT,4000.0,NoFormalMeasure
Decision|Italy_259,Decision,Italy_259,2024,IT,7000.0,NoFormalMeasure
Decision|Italy_260,Decision,Italy_260,2024,IT,10000.0,ErasureOrRestrictionOrder
Decision|Italy_262,Decision,Italy_262,2024,IT,80000.0,ErasureOrRestrictionOrder
Decision|Italy_263,Decision,Italy_263,,NOT_DISCUSSED,,NoFormalMeasure
Decision|Italy_265,Decision,Italy_265,2024,IT,,Reprimand
Decision|Italy_267,Decision,Italy_267,2024,IT,900000.0,ComplianceOrder
Decision|Italy_268,Decision,Italy_268,2024,IT,8000.0,NoFormalMeasure
Decision|Italy_269,Decision,Italy_269,2024,IT,400.0,ComplianceOrder
Decision|Italy_270,Decision,Italy_270,2024,IT,,Reprimand
Decision|Italy_271,Decision,Italy_271,2024,IT,4000.0,NoFormalMeasure
Decision|Italy_272,Decision,Italy_272,2024,IT,10000.0,NoFormalMeasure
Decision|Italy_273,Decision,Italy_273,2024,IT,,NoFormalMeasure
Decision|Italy_274,Decision,Italy_274,2024,IT,4000.0,NoFormalMeasure
Decision|Italy_275,Decision,Italy_275,2024,IT,5000.0,ComplianceOrder
Decision|Italy_276,Decision,Italy_276,2024,IT,,NoFormalMeasure
Decision|Italy_277,Decision,Italy_277,2024,IT,,Reprimand
Decision|Italy_278,Decision,Italy_278,2024,IT,,ErasureOrRestrictionOrder
Decision|Italy_279,Decision,Italy_279,2024,IT,20000.0,NoFormalMeasure
Decision|Italy_281,Decision,Italy_281,2024,IT,,ErasureOrRestrictionOrder
Decision|Italy_282,Decision,Italy_282,2024,IT,,Warning
Decision|Italy_283,Decision,Italy_283,2024,IT,17000.0,NoFormalMeasure
Decision|Italy_284,Decision,Italy_284,2024,IT,5000.0,ErasureOrRestrictionOrder
Decision|Italy_285,Decision,Italy_285,2024,IT,60000.0,NoFormalMeasure
Decision|Italy_286,Decision,Italy_286,2024,IT,8000.0,NoFormalMeasure
Decision|Italy_287,Decision,Italy_287,2024,IT,15000000.0,ComplianceOrder
Decision|Italy_290,Decision,Italy_290,2024,IT,,Reprimand
Decision|Italy_291,Decision,Italy_291,2024,IT,,ComplianceOrder
Decision|Italy_292,Decision,Italy_292,2024,IT,,ErasureOrRestrictionOrder
Decision|Italy_293,Decision,Italy_293,2024,IT,10000.0,NoFormalMeasure
Decision|Italy_294,Decision,Italy_294,2024,IT,20000.0,NoFormalMeasure
Decision|Italy_295,Decision,Italy_295,2024,IT,20000.0,ComplianceOrder
Decision|Italy_296,Decision,Italy_296,2024,IT,892738.0,ErasureOrRestrictionOrder
Decision|Italy_297,Decision,Italy_297,2024,IT,6000.0,NoFormalMeasure
Decision|Italy_298,Decision,Italy_298,2024,IT,6000.0,Reprimand
Decision|Italy_299,Decision,Italy_299,2024,IT,5000.0,NoFormalMeasure
Decision|Italy_300,Decision,Italy_300,2024,IT,10000.0,ErasureOrRestrictionOrder
Decision|Italy_301,Decision,Italy_301,2024,IT,20000.0,ErasureOrRestrictionOrder
Decision|Italy_302,Decision,Italy_302,2024,IT,40000.0,ComplianceOrder
Decision|Italy_304,Decision,Italy_304,2024,IT,70000.0,ComplianceOrder
Decision|Italy_306,Decision,Italy_306,2025,IT,8000.0,NoFormalMeasure
Decision|Italy_307,Decision,Italy_307,2025,IT,50000.0,ComplianceOrder
Decision|Italy_308,Decision,Italy_308,2025,IT,6000.0,NoFormalMeasure
Decision|Italy_309,Decision,Italy_309,2025,IT,3000.0,NoFormalMeasure
Decision|Italy_310,Decision,Italy_310,2025,IT,,Reprimand
Decision|Finland_47,Decision,Finland_47,2020,FI,,Warning
Decision|Finland_48,Decision,Finland_48,2021,FI,,ComplianceOrder
Decision|Finland_49,Decision,Finland_49,2022,FI,,ComplianceOrder
Decision|Finland_50,Decision,Finland_50,2023,FI,750000.0,NoFormalMeasure
Decision|Finland_51,Decision,Finland_51,2020,FI,,NoFormalMeasure
Decision|Finland_52,Decision,Finland_52,2020,FI,,ComplianceOrder
Decision|Finland_53,Decision,Finland_53,2020,FI,,NoFormalMeasure
Decision|Finland_54,Decision,Finland_54,2021,FI,,ComplianceOrder
Decision|Finland_55,Decision,Finland_55,2022,FI,,ErasureOrRestrictionOrder
Decision|Finland_56,Decision,Finland_56,2022,FI,,ComplianceOrder
Decision|Finland_57,Decision,Finland_57,2022,FI,,ComplianceOrder
Decision|Finland_58,Decision,Finland_58,2022,FI,,Reprimand
Decision|Finland_59,Decision,Finland_59,2021,FI,,ComplianceOrder
Decision|Finland_60,Decision,Finland_60,2023,FI,,ErasureOrRestrictionOrder
Decision|Finland_61,Decision,Finland_61,2023,FI,,NoFormalMeasure
Decision|Finland_62,Decision,Finland_62,2023,FI,,Suspension
Decision|Finland_63,Decision,Finland_63,2020,FI,,ComplianceOrder
Decision|Finland_64,Decision,Finland_64,2022,FI,,NoFormalMeasure
Decision|Finland_65,Decision,Finland_65,2019,FI,,ComplianceOrder
Decision|Finland_66,Decision,Finland_66,2021,FI,,ErasureOrRestrictionOrder
Decision|Finland_67,Decision,Finland_67,2020,FI,,Reprimand
Decision|Finland_68,Decision,Finland_68,2020,FI,,ErasureOrRestrictionOrder
Decision|Finland_69,Decision,Finland_69,2020,FI,72000.0,ComplianceOrder
Decision|Finland_70,Decision,Finland_70,2023,FI,23000.0,ComplianceOrder
Decision|Finland_72,Decision,Finland_72,2021,FI,5000.0,ComplianceOrder
Decision|Finland_73,Decision,Finland_73,2022,FI,,NoFormalMeasure
Decision|Finland_74,Decision,Finland_74,2021,FI,,Reprimand
Decision|Finland_75,Decision,Finland_75,2020,FI,,ComplianceOrder
Decision|Finland_76,Decision,Finland_76,2020,FI,,Reprimand
Decision|Finland_77,Decision,Finland_77,0,NOT_DISCUSSED,,NoFormalMeasure
Decision|Finland_78,Decision,Finland_78,2022,FI,,NoFormalMeasure
Decision|Finland_79,Decision,Finland_79,2023,FI,1600.0,Reprimand
Decision|Finland_80,Decision,Finland_80,2023,FI,,ComplianceOrder
Decision|Finland_81,Decision,Finland_81,2020,FI,,NoFormalMeasure
Decision|Finland_82,Decision,Finland_82,2022,FI,,Reprimand
Decision|Finland_83,Decision,Finland_83,2022,FI,8300.0,NoFormalMeasure
Decision|Finland_84,Decision,Finland_84,2024,FI,,Reprimand
Decision|Finland_85,Decision,Finland_85,,NOT_DISCUSSED,,NoFormalMeasure
Decision|Finland_86,Decision,Finland_86,2024,FI,,Reprimand
Decision|Finland_87,Decision,Finland_87,2024,FI,856000.0,ComplianceOrder
Decision|Finland_88,Decision,Finland_88,2024,FI,,ComplianceOrder
Decision|Finland_89,Decision,Finland_89,2023,FI,,Reprimand
Decision|Finland_90,Decision,Finland_90,2024,FI,,ComplianceOrder
Decision|Finland_91,Decision,Finland_91,2021,FI,,ComplianceOrder
Decision|Finland_92,Decision,Finland_92,2025,FI,1100000.0,Reprimand
Decision|Finland_93,Decision,Finland_93,,NOT_DISCUSSED,,NoFormalMeasure
Decision|Finland_94,Decision,Finland_94,2023,FI,,ComplianceOrder
Decision|Finland_95,Decision,Finland_95,2023,FI,,ErasureOrRestrictionOrder
Decision|Finland_96,Decision,Finland_96,2024,FI,,NoFormalMeasure
Decision|Finland_97,Decision,Finland_97,2024,FI,,ComplianceOrder
Decision|European Union_2,Decision,European Union_2,,NOT_DISCUSSED,,NoFormalMeasure
Decision|European Union_4,Decision,European Union_4,2022,EU,,ComplianceOrder
Decision|European Union_9,Decision,European Union_9,,NOT_DISCUSSED,,NoFormalMeasure
Decision|European Union_10,Decision,European Union_10,2022,EU,,ComplianceOrder
Decision|European Union_11,Decision,European Union_11,2024,EU,,Suspension
Decision|Estonia_1,Decision,Estonia_1,2020,EE,,NoFormalMeasure
Decision|Estonia_2,Decision,Estonia_2,2020,EE,,NoFormalMeasure
Decision|Estonia_3,Decision,Estonia_3,2020,EE,,ComplianceOrder
Decision|Estonia_4,Decision,Estonia_4,,NOT_DISCUSSED,,NoFormalMeasure
Decision|Estonia_5,Decision,Estonia_5,2022,EE,,Reprimand
Decision|Estonia_6,Decision,Estonia_6,2021,EE,,ComplianceOrder
Decision|Estonia_7,Decision,Estonia_7,2022,EE,,ErasureOrRestrictionOrder
Decision|Estonia_8,Decision,Estonia_8,2022,EE,,ErasureOrRestrictionOrder
Decision|Estonia_9,Decision,Estonia_9,2023,EE,,ErasureOrRestrictionOrder
Decision|Estonia_10,Decision,Estonia_10,,NOT_DISCUSSED,,NoFormalMeasure
Decision|Estonia_11,Decision,Estonia_11,2019,EE,,NoFormalMeasure
Decision|Estonia_12,Decision,Estonia_12,2020,EE,,ErasureOrRestrictionOrder
Decision|Estonia_13,Decision,Estonia_13,2022,EE,,ErasureOrRestrictionOrder
Decision|Estonia_15,Decision,Estonia_15,,EE,,NoFormalMeasure
Decision|Estonia_16,Decision,Estonia_16,2020,EE,,ComplianceOrder
Decision|Estonia_18,Decision,Estonia_18,2023,EE,,ComplianceOrder
Decision|Estonia_19,Decision,Estonia_19,2023,EE,48.0,NoFormalMeasure
Decision|Estonia_20,Decision,Estonia_20,2022,EE,,Reprimand
Decision|Estonia_21,Decision,Estonia_21,2021,EE,,Reprimand
Decision|Estonia_22,Decision,Estonia_22,2022,EE,,Reprimand
Decision|Denmark_1,Decision,Denmark_1,2023,DK,147510.0,NoFormalMeasure
Decision|Denmark_2,Decision,Denmark_2,2020,DK,6705.0,NoFormalMeasure
Decision|Denmark_3,Decision,Denmark_3,2023,DK,6705.0,NoFormalMeasure
Decision|Denmark_4,Decision,Denmark_4,2020,DK,,Warning
Decision|Denmark_5,Decision,Denmark_5,2020,DK,13410.0,NoFormalMeasure
Decision|Denmark_6,Decision,Denmark_6,2019,DK,,Reprimand
Decision|Denmark_7,Decision,Denmark_7,2021,DK,,ComplianceOrder
Decision|Denmark_8,Decision,Denmark_8,2020,DK,,ComplianceOrder
Decision|Denmark_9,Decision,Denmark_9,2018,DK,,ErasureOrRestrictionOrder
Decision|Denmark_10,Decision,Denmark_10,2019,DK,,ComplianceOrder
Decision|Denmark_11,Decision,Denmark_11,2020,DK,,NoFormalMeasure
Decision|Denmark_12,Decision,Denmark_12,2022,DK,,Reprimand
Decision|Denmark_13,Decision,Denmark_13,2019,DK,,Reprimand
Decision|Denmark_14,Decision,Denmark_14,2020,DK,,ErasureOrRestrictionOrder
Decision|Denmark_15,Decision,Denmark_15,2019,DK,,NoFormalMeasure
Decision|Denmark_16,Decision,Denmark_16,2021,DK,,ErasureOrRestrictionOrder
Decision|Denmark_17,Decision,Denmark_17,2019,DK,,NoFormalMeasure
Decision|Denmark_18,Decision,Denmark_18,2019,DK,,ComplianceOrder
Decision|Denmark_19,Decision,Denmark_19,2019,DK,,Reprimand
Decision|Denmark_20,Decision,Denmark_20,2020,DK,,ComplianceOrder
Decision|Denmark_21,Decision,Denmark_21,2020,DK,,ComplianceOrder
Decision|Denmark_22,Decision,Denmark_22,2019,DK,,Reprimand
Decision|Denmark_23,Decision,Denmark_23,2019,DK,,Reprimand
Decision|Denmark_24,Decision,Denmark_24,2021,DK,,Reprimand
Decision|Denmark_25,Decision,Denmark_25,2020,DK,,Reprimand
Decision|Denmark_26,Decision,Denmark_26,2020,DK,,Reprimand
Decision|Denmark_27,Decision,Denmark_27,2019,DK,,NoFormalMeasure
Decision|Denmark_28,Decision,Denmark_28,2020,DK,,Reprimand
Decision|Denmark_29,Decision,Denmark_29,2020,DK,,Reprimand
Decision|Denmark_30,Decision,Denmark_30,2021,DK,,ErasureOrRestrictionOrder
Decision|Denmark_31,Decision,Denmark_31,2019,DK,,NoFormalMeasure
Decision|Denmark_32,Decision,Denmark_32,2018,DK,20100.0,NoFormalMeasure
Decision|Denmark_33,Decision,Denmark_33,2019,DK,,NoFormalMeasure
Decision|Denmark_34,Decision,Denmark_34,2019,DK,,NoFormalMeasure
Decision|Denmark_35,Decision,Denmark_35,2020,DK,,ComplianceOrder
Decision|Denmark_36,Decision,Denmark_36,2020,DK,,ComplianceOrder
Decision|Denmark_37,Decision,Denmark_37,2020,DK,,NoFormalMeasure
Decision|Denmark_38,Decision,Denmark_38,2020,DK,,Reprimand
Decision|Denmark_39,Decision,Denmark_39,2021,DK,,Reprimand
Decision|Denmark_40,Decision,Denmark_40,2021,DK,,NoFormalMeasure
Decision|Denmark_41,Decision,Denmark_41,2021,DK,,NoFormalMeasure
Decision|Denmark_42,Decision,Denmark_42,2021,DK,,NoFormalMeasure
Decision|Denmark_43,Decision,Denmark_43,2021,DK,,ComplianceOrder
Decision|Denmark_44,Decision,Denmark_44,2021,DK,,ComplianceOrder
Decision|Denmark_45,Decision,Denmark_45,2021,DK,,Reprimand
Decision|Denmark_46,Decision,Denmark_46,2022,DK,,ComplianceOrder
Decision|Denmark_47,Decision,Denmark_47,2021,DK,,ErasureOrRestrictionOrder
Decision|Denmark_48,Decision,Denmark_48,2022,DK,,Suspension
Decision|Denmark_49,Decision,Denmark_49,2022,DK,,Suspension
Decision|Denmark_50,Decision,Denmark_50,2022,DK,,ComplianceOrder
Decision|Denmark_51,Decision,Denmark_51,2022,DK,,ErasureOrRestrictionOrder
Decision|Denmark_52,Decision,Denmark_52,2022,DK,,Reprimand
Decision|Denmark_53,Decision,Denmark_53,2022,DK,,Reprimand
Decision|Denmark_54,Decision,Denmark_54,2021,DK,,NoFormalMeasure
Decision|Denmark_55,Decision,Denmark_55,2021,DK,,Reprimand
Decision|Denmark_56,Decision,Denmark_56,2021,DK,,Reprimand
Decision|Denmark_57,Decision,Denmark_57,2020,DK,,ComplianceOrder
Decision|Denmark_58,Decision,Denmark_58,2021,DK,,Reprimand
Decision|Denmark_59,Decision,Denmark_59,2022,DK,,Reprimand
Decision|Denmark_60,Decision,Denmark_60,2022,DK,,ComplianceOrder
Decision|Denmark_61,Decision,Denmark_61,2020,DK,,Reprimand
Decision|Denmark_62,Decision,Denmark_62,2022,DK,,Reprimand
Decision|Denmark_63,Decision,Denmark_63,2020,DK,,NoFormalMeasure
Decision|Denmark_64,Decision,Denmark_64,2021,DK,,ComplianceOrder
Decision|Denmark_65,Decision,Denmark_65,2021,DK,,ComplianceOrder
Decision|Denmark_66,Decision,Denmark_66,2022,DK,,Reprimand
Decision|Denmark_67,Decision,Denmark_67,2023,DK,,ComplianceOrder
Decision|Denmark_68,Decision,Denmark_68,2022,DK,,NoFormalMeasure
Decision|Denmark_69,Decision,Denmark_69,2022,DK,,NoFormalMeasure
Decision|Denmark_70,Decision,Denmark_70,2022,DK,,NoFormalMeasure
Decision|Denmark_71,Decision,Denmark_71,2022,DK,,ErasureOrRestrictionOrder
Decision|Denmark_72,Decision,Denmark_72,2022,DK,,NoFormalMeasure
Decision|Denmark_73,Decision,Denmark_73,2023,DK,,ComplianceOrder
Decision|Denmark_74,Decision,Denmark_74,2022,DK,,NoFormalMeasure
Decision|Denmark_75,Decision,Denmark_75,2022,DK,,Warning
Decision|Denmark_76,Decision,Denmark_76,2022,NO,,Reprimand
Decision|Denmark_77,Decision,Denmark_77,2021,DK,,Reprimand
Decision|Denmark_78,Decision,Denmark_78,2022,DK,,ComplianceOrder
Decision|Denmark_79,Decision,Denmark_79,2022,DK,,Reprimand
Decision|Denmark_80,Decision,Denmark_80,2022,DK,,NoFormalMeasure
Decision|Denmark_81,Decision,Denmark_81,2023,DK,,NoFormalMeasure
Decision|Denmark_82,Decision,Denmark_82,2022,DK,,NoFormalMeasure
Decision|Denmark_83,Decision,Denmark_83,2021,DK,,Reprimand
Decision|Denmark_84,Decision,Denmark_84,2022,DK,,Reprimand
Decision|Denmark_85,Decision,Denmark_85,2022,DK,,Reprimand
Decision|Denmark_86,Decision,Denmark_86,2023,DK,,NoFormalMeasure
Decision|Denmark_87,Decision,Denmark_87,,NOT_DISCUSSED,,NoFormalMeasure
Decision|Denmark_88,Decision,Denmark_88,2022,DK,,Reprimand
Decision|Denmark_90,Decision,Denmark_90,2021,DK,,NoFormalMeasure
Decision|Denmark_91,Decision,Denmark_91,2022,DK,,ComplianceOrder
Decision|Denmark_92,Decision,Denmark_92,2022,DK,,Warning
Decision|Denmark_93,Decision,Denmark_93,2023,DK,,Reprimand
Decision|Denmark_94,Decision,Denmark_94,2022,DK,,NoFormalMeasure
Decision|Denmark_95,Decision,Denmark_95,2023,DK,,Reprimand
Decision|Denmark_96,Decision,Denmark_96,2022,DK,,ComplianceOrder
Decision|Denmark_97,Decision,Denmark_97,2022,DK,,ComplianceOrder
Decision|Denmark_98,Decision,Denmark_98,2023,DK,,ComplianceOrder
Decision|Denmark_99,Decision,Denmark_99,2022,DK,,Reprimand
Decision|Denmark_100,Decision,Denmark_100,2021,DK,,Reprimand
Decision|Denmark_101,Decision,Denmark_101,2022,DK,,Reprimand
Decision|Denmark_102,Decision,Denmark_102,2022,DK,,Reprimand
Decision|Denmark_103,Decision,Denmark_103,2022,DK,,Reprimand
Decision|Denmark_104,Decision,Denmark_104,2021,DK,,Reprimand
Decision|Denmark_105,Decision,Denmark_105,2022,DK,,Reprimand
Decision|Denmark_106,Decision,Denmark_106,2021,DK,,Warning
Decision|Denmark_107,Decision,Denmark_107,2022,DK,,Reprimand
Decision|Denmark_108,Decision,Denmark_108,2022,DK,,NoFormalMeasure
Decision|Denmark_109,Decision,Denmark_109,2021,DK,,Reprimand
Decision|Denmark_110,Decision,Denmark_110,2022,DK,,NoFormalMeasure
Decision|Denmark_111,Decision,Denmark_111,2022,DK,,Reprimand
Decision|Denmark_112,Decision,Denmark_112,2023,DK,,ComplianceOrder
Decision|Denmark_113,Decision,Denmark_113,2023,DK,,Reprimand
Decision|Denmark_114,Decision,Denmark_114,2023,DK,,ComplianceOrder
Decision|Denmark_115,Decision,Denmark_115,2020,DK,67050.0,NoFormalMeasure
Decision|Denmark_116,Decision,Denmark_116,2023,DK,,Reprimand
Decision|Denmark_117,Decision,Denmark_117,2023,DK,,Reprimand
Decision|Denmark_118,Decision,Denmark_118,2022,DK,,Reprimand
Decision|Denmark_119,Decision,Denmark_119,2023,DK,,Reprimand
Decision|Denmark_120,Decision,Denmark_120,2024,DK,,Reprimand
Decision|Denmark_121,Decision,Denmark_121,2024,DK,,Reprimand
Decision|Denmark_122,Decision,Denmark_122,2024,DK,,NoFormalMeasure
Decision|Denmark_123,Decision,Denmark_123,2023,DK,,NoFormalMeasure
Decision|Denmark_124,Decision,Denmark_124,2024,DK,,ComplianceOrder
Decision|Denmark_125,Decision,Denmark_125,2024,DK,,Reprimand
Decision|Denmark_127,Decision,Denmark_127,2024,DK,,ComplianceOrder
Decision|Denmark_128,Decision,Denmark_128,2024,DK,,NoFormalMeasure
Decision|Denmark_129,Decision,Denmark_129,2023,DK,,ErasureOrRestrictionOrder
Decision|Denmark_130,Decision,Denmark_130,2023,DK,,NoFormalMeasure
Decision|Denmark_131,Decision,Denmark_131,2023,DK,,Reprimand
Decision|Denmark_132,Decision,Denmark_132,2025,DK,,NoFormalMeasure
Decision|Denmark_133,Decision,Denmark_133,2023,DK,,Reprimand
Decision|Denmark_134,Decision,Denmark_134,2024,DK,,ComplianceOrder
Decision|Denmark_135,Decision,Denmark_135,2024,DK,,NoFormalMeasure
Decision|Denmark_136,Decision,Denmark_136,2024,DK,,NoFormalMeasure
Decision|Denmark_137,Decision,Denmark_137,2024,DK,,Reprimand
Decision|Denmark_138,Decision,Denmark_138,2024,DK,,Reprimand
Decision|Denmark_139,Decision,Denmark_139,2022,DK,13430.0,NoFormalMeasure
Decision|Denmark_140,Decision,Denmark_140,2022,DK,6715.0,ErasureOrRestrictionOrder
Decision|Denmark_141,Decision,Denmark_141,2022,DK,1343000.0,NoFormalMeasure
Decision|Denmark_142,Decision,Denmark_142,2021,DK,26880.0,NoFormalMeasure
Decision|Denmark_143,Decision,Denmark_143,2023,DK,20115.0,NoFormalMeasure
Decision|Denmark_144,Decision,Denmark_144,2022,DK,134300.0,NoFormalMeasure
Decision|Denmark_145,Decision,Denmark_145,2022,DK,6715.0,NoFormalMeasure
Decision|Denmark_146,Decision,Denmark_146,2021,DK,80640.0,NoFormalMeasure
Decision|Denmark_147,Decision,Denmark_147,2023,DK,,Reprimand
Decision|Denmark_148,Decision,Denmark_148,2024,DK,26800.0,NoFormalMeasure
Decision|Czech Republic_1,Decision,Czech Republic_1,2020,CZ,,ComplianceOrder
Decision|Czech Republic_2,Decision,Czech Republic_2,2020,CZ,,NoFormalMeasure
Decision|Czech Republic_3,Decision,Czech Republic_3,2023,CZ,,NoFormalMeasure
Decision|Czech Republic_5,Decision,Czech Republic_5,2021,CZ,,NoFormalMeasure
Decision|Cyprus_1,Decision,Cyprus_1,2021,CY,,Reprimand
Decision|Cyprus_2,Decision,Cyprus_2,2023,GB,,ComplianceOrder
Decision|Cyprus_4,Decision,Cyprus_4,2020,CY,,ErasureOrRestrictionOrder
Decision|Cyprus_6,Decision,Cyprus_6,2020,CY,15000.0,NoFormalMeasure
Decision|Cyprus_8,Decision,Cyprus_8,2023,DE,14500000.0,ComplianceOrder
Decision|Cyprus_9,Decision,Cyprus_9,2023,CY,,Reprimand
Decision|Cyprus_10,Decision,Cyprus_10,2022,CY,,Reprimand
Decision|Cyprus_11,Decision,Cyprus_11,2024,CY,,ComplianceOrder
Decision|Cyprus_12,Decision,Cyprus_12,2024,CY,,ComplianceOrder
Decision|Cyprus_13,Decision,Cyprus_13,2023,CY,,Reprimand
Decision|Cyprus_16,Decision,Cyprus_16,2023,CY,,Reprimand
Decision|Cyprus_17,Decision,Cyprus_17,2023,CY,,Reprimand
Decision|Cyprus_18,Decision,Cyprus_18,2023,CY,7000.0,NoFormalMeasure
Decision|Cyprus_22,Decision,Cyprus_22,2023,CY,,ErasureOrRestrictionOrder
Decision|Cyprus_23,Decision,Cyprus_23,2024,CY,2000.0,NoFormalMeasure
Decision|Cyprus_24,Decision,Cyprus_24,2024,CY,3000.0,ComplianceOrder
Decision|Cyprus_26,Decision,Cyprus_26,2023,CY,3000.0,NoFormalMeasure
Decision|Cyprus_27,Decision,Cyprus_27,2022,IE,58400.0,ComplianceOrder
Decision|Cyprus_28,Decision,Cyprus_28,2023,CY,45000.0,ComplianceOrder
Decision|Cyprus_30,Decision,Cyprus_30,2025,CY,10000.0,ErasureOrRestrictionOrder
Decision|Cyprus_31,Decision,Cyprus_31,,NOT_DISCUSSED,,NoFormalMeasure
Decision|Croatia_1,Decision,Croatia_1,2025,HR,101000.0,NoFormalMeasure
Decision|Croatia_2,Decision,Croatia_2,2025,HR,101000.0,NoFormalMeasure
Decision|Croatia_3,Decision,Croatia_3,2023,HR,2265000.0,NoFormalMeasure
Decision|Croatia_4,Decision,Croatia_4,2022,HR,,ComplianceOrder
Decision|Croatia_5,Decision,Croatia_5,2023,HR,,NoFormalMeasure
Decision|Croatia_6,Decision,Croatia_6,2023,HR,51000.0,NoFormalMeasure
Decision|Croatia_7,Decision,Croatia_7,2023,HR,51000.0,NoFormalMeasure
Decision|Croatia_8,Decision,Croatia_8,2021,HR,,NoFormalMeasure
Decision|Croatia_9,Decision,Croatia_9,2024,HR,,NoFormalMeasure
Decision|Croatia_10,Decision,Croatia_10,2023,HR,,NoFormalMeasure
Decision|Croatia_12,Decision,Croatia_12,2023,HR,,NoFormalMeasure
Decision|Croatia_13,Decision,Croatia_13,2023,HR,,ErasureOrRestrictionOrder
Decision|Croatia_15,Decision,Croatia_15,2023,HR,,Warning
Decision|Croatia_16,Decision,Croatia_16,2020,HR,,ComplianceOrder
Decision|Croatia_17,Decision,Croatia_17,2023,HR,25000.0,NoFormalMeasure
Decision|Croatia_18,Decision,Croatia_18,2023,HR,190000.0,NoFormalMeasure
Decision|Croatia_19,Decision,Croatia_19,2023,HR,20000.0,NoFormalMeasure
Decision|Croatia_20,Decision,Croatia_20,2023,HR,,NoFormalMeasure
Decision|Croatia_21,Decision,Croatia_21,2021,HR,,NoFormalMeasure
Decision|Croatia_22,Decision,Croatia_22,2023,HR,380000.0,ErasureOrRestrictionOrder
Decision|Croatia_23,Decision,Croatia_23,2020,HR,,NoFormalMeasure
Decision|Croatia_24,Decision,Croatia_24,2020,HR,,ErasureOrRestrictionOrder
Decision|Croatia_25,Decision,Croatia_25,2023,HR,,NoFormalMeasure
Decision|Croatia_26,Decision,Croatia_26,2023,HR,,NoFormalMeasure
Decision|Croatia_28,Decision,Croatia_28,2023,HR,,NoFormalMeasure
Decision|Croatia_29,Decision,Croatia_29,2022,HR,,NoFormalMeasure
Decision|Croatia_30,Decision,Croatia_30,2023,HR,15000.0,NoFormalMeasure
Decision|Croatia_31,Decision,Croatia_31,2019,HR,,ErasureOrRestrictionOrder
Decision|Croatia_32,Decision,Croatia_32,2021,HR,,ComplianceOrder
Decision|Croatia_33,Decision,Croatia_33,2022,HR,,ErasureOrRestrictionOrder
Decision|Croatia_34,Decision,Croatia_34,2021,HR,,NoFormalMeasure
Decision|Croatia_35,Decision,Croatia_35,2021,HR,,NoFormalMeasure
Decision|Croatia_36,Decision,Croatia_36,2022,HR,,ComplianceOrder
Decision|Croatia_37,Decision,Croatia_37,2025,HR,320000.0,NoFormalMeasure
Decision|Croatia_38,Decision,Croatia_38,2023,HR,50000.0,NoFormalMeasure
Decision|Croatia_39,Decision,Croatia_39,2022,HR,,ErasureOrRestrictionOrder
Decision|Croatia_40,Decision,Croatia_40,2024,HR,40000.0,NoFormalMeasure
Decision|Croatia_41,Decision,Croatia_41,2024,HR,12000.0,NoFormalMeasure
Decision|Bulgaria_1,Decision,Bulgaria_1,2022,BG,,Reprimand
Decision|Bulgaria_2,Decision,Bulgaria_2,2022,BG,,Reprimand
Decision|Bulgaria_4,Decision,Bulgaria_4,2020,BG,,NoFormalMeasure
Decision|Bulgaria_5,Decision,Bulgaria_5,2022,BG,,Reprimand
Decision|Bulgaria_6,Decision,Bulgaria_6,2023,BG,,ComplianceOrder
Decision|Bulgaria_7,Decision,Bulgaria_7,2023,BG,,NoFormalMeasure
Decision|Bulgaria_9,Decision,Bulgaria_9,2023,BG,,ComplianceOrder
Decision|Bulgaria_10,Decision,Bulgaria_10,2023,BG,,ComplianceOrder
Decision|Bulgaria_11,Decision,Bulgaria_11,2023,BG,,NoFormalMeasure
Decision|Bulgaria_12,Decision,Bulgaria_12,2023,BG,,Reprimand
Decision|Bulgaria_13,Decision,Bulgaria_13,2025,BG,,NoFormalMeasure
Decision|Belgium_1,Decision,Belgium_1,2021,BE,,NoFormalMeasure
Decision|Belgium_2,Decision,Belgium_2,2022,BE,,ErasureOrRestrictionOrder
Decision|Belgium_3,Decision,Belgium_3,2024,BE,,Warning
Decision|Belgium_4,Decision,Belgium_4,2021,BE,10000.0,Warning
Decision|Belgium_5,Decision,Belgium_5,2023,BE,,NoFormalMeasure
Decision|Belgium_7,Decision,Belgium_7,2021,BE,,ComplianceOrder
Decision|Belgium_8,Decision,Belgium_8,2024,BE,,ErasureOrRestrictionOrder
Decision|Belgium_9,Decision,Belgium_9,2021,BE,50000.0,ComplianceOrder
Decision|Belgium_10,Decision,Belgium_10,2023,BE,,ErasureOrRestrictionOrder
Decision|Belgium_11,Decision,Belgium_11,2019,BE,10000.0,ComplianceOrder
Decision|Belgium_12,Decision,Belgium_12,2023,BE,,NoFormalMeasure
Decision|Belgium_13,Decision,Belgium_13,2021,BE,,Reprimand
Decision|Belgium_15,Decision,Belgium_15,2019,BE,,Reprimand
Decision|Belgium_16,Decision,Belgium_16,2023,BE,,ErasureOrRestrictionOrder
Decision|Belgium_17,Decision,Belgium_17,2019,BE,5000.0,Reprimand
Decision|Belgium_18,Decision,Belgium_18,2023,BE,,NoFormalMeasure
Decision|Belgium_19,Decision,Belgium_19,2019,BE,,Reprimand
Decision|Belgium_20,Decision,Belgium_20,2022,BE,,ComplianceOrder
Decision|Belgium_21,Decision,Belgium_21,2023,BE,,ErasureOrRestrictionOrder
Decision|Belgium_22,Decision,Belgium_22,2024,BE,,Warning
Decision|Belgium_23,Decision,Belgium_23,2019,BE,15000.0,NoFormalMeasure
Decision|Belgium_25,Decision,Belgium_25,2025,BE,,NoFormalMeasure
Decision|Belgium_26,Decision,Belgium_26,,NOT_DISCUSSED,,NoFormalMeasure
Decision|Belgium_27,Decision,Belgium_27,2023,BE,,ComplianceOrder
Decision|Belgium_28,Decision,Belgium_28,2025,BE,,Reprimand
Decision|Belgium_29,Decision,Belgium_29,2021,BE,,ComplianceOrder
Decision|Belgium_30,Decision,Belgium_30,2023,BE,,Reprimand
Decision|Belgium_32,Decision,Belgium_32,2023,BE,,Warning
Decision|Belgium_33,Decision,Belgium_33,2025,BE,,NoFormalMeasure
Decision|Belgium_34,Decision,Belgium_34,2020,BE,,Reprimand
Decision|Belgium_35,Decision,Belgium_35,2023,BE,,NoFormalMeasure
Decision|Belgium_36,Decision,Belgium_36,2020,BE,50000.0,ComplianceOrder
Decision|Belgium_37,Decision,Belgium_37,2023,BE,,ErasureOrRestrictionOrder
Decision|Belgium_38,Decision,Belgium_38,2020,BE,,Reprimand
Decision|Belgium_40,Decision,Belgium_40,2023,BE,,NoFormalMeasure
Decision|Belgium_41,Decision,Belgium_41,2023,BE,,Reprimand
Decision|Belgium_42,Decision,Belgium_42,2025,BE,,NoFormalMeasure
Decision|Belgium_43,Decision,Belgium_43,2020,BE,,NoFormalMeasure
Decision|Belgium_44,Decision,Belgium_44,2021,BE,,ComplianceOrder
Decision|Belgium_45,Decision,Belgium_45,2020,BE,50000.0,NoFormalMeasure
Decision|Belgium_46,Decision,Belgium_46,2024,BE,,Warning
Decision|Belgium_47,Decision,Belgium_47,2021,BE,,NoFormalMeasure
Decision|Belgium_48,Decision,Belgium_48,2024,BE,,NoFormalMeasure
Decision|Belgium_49,Decision,Belgium_49,2023,BE,,Reprimand
Decision|Belgium_50,Decision,Belgium_50,2019,BE,1000.0,ComplianceOrder
Decision|Belgium_51,Decision,Belgium_51,2024,BE,,NoFormalMeasure
Decision|Belgium_53,Decision,Belgium_53,2024,BE,2000.0,ErasureOrRestrictionOrder
Decision|Belgium_54,Decision,Belgium_54,2020,BE,2000.0,ComplianceOrder
Decision|Belgium_55,Decision,Belgium_55,2022,BE,,ComplianceOrder
Decision|Belgium_56,Decision,Belgium_56,2022,BE,,ComplianceOrder
Decision|Belgium_57,Decision,Belgium_57,2024,BE,,NoFormalMeasure
Decision|Belgium_58,Decision,Belgium_58,2020,BE,10000.0,NoFormalMeasure
Decision|Belgium_59,Decision,Belgium_59,2021,BE,,Warning
Decision|Belgium_60,Decision,Belgium_60,2020,BE,,ComplianceOrder
Decision|Belgium_61,Decision,Belgium_61,2024,BE,,ErasureOrRestrictionOrder
Decision|Belgium_62,Decision,Belgium_62,2021,BE,1000.0,NoFormalMeasure
Decision|Belgium_64,Decision,Belgium_64,2021,BE,,ComplianceOrder
Decision|Belgium_65,Decision,Belgium_65,2024,BE,,NoFormalMeasure
Decision|Belgium_66,Decision,Belgium_66,2021,BE,,ErasureOrRestrictionOrder
Decision|Belgium_67,Decision,Belgium_67,2024,BE,,NoFormalMeasure
Decision|Belgium_68,Decision,Belgium_68,2020,BE,3000.0,Reprimand
Decision|Belgium_69,Decision,Belgium_69,2022,BE,,Reprimand
Decision|Belgium_70,Decision,Belgium_70,2024,BE,,NoFormalMeasure
Decision|Belgium_71,Decision,Belgium_71,2023,BE,,Reprimand
Decision|Belgium_72,Decision,Belgium_72,2024,BE,,NoFormalMeasure
Decision|Belgium_73,Decision,Belgium_73,,NOT_DISCUSSED,,NoFormalMeasure
Decision|Belgium_74,Decision,Belgium_74,2022,BE,,NoFormalMeasure
Decision|Belgium_75,Decision,Belgium_75,2023,BE,,NoFormalMeasure
Decision|Belgium_76,Decision,Belgium_76,2020,BE,,NoFormalMeasure
Decision|Belgium_77,Decision,Belgium_77,2022,BE,,NoFormalMeasure
Decision|Belgium_78,Decision,Belgium_78,2023,BE,,NoFormalMeasure
Decision|Belgium_79,Decision,Belgium_79,2023,BE,,NoFormalMeasure
Decision|Belgium_80,Decision,Belgium_80,2022,BE,7500.0,ErasureOrRestrictionOrder
Decision|Belgium_81,Decision,Belgium_81,2024,BE,,NoFormalMeasure
Decision|Belgium_83,Decision,Belgium_83,2024,BE,,NoFormalMeasure
Decision|Belgium_84,Decision,Belgium_84,2021,BE,,Reprimand
Decision|Belgium_87,Decision,Belgium_87,2023,BE,,Reprimand
Decision|Belgium_88,Decision,Belgium_88,2024,BE,,NoFormalMeasure
Decision|Belgium_89,Decision,Belgium_89,2024,BE,,NoFormalMeasure
Decision|Belgium_90,Decision,Belgium_90,2023,BE,,Reprimand
Decision|Belgium_91,Decision,Belgium_91,2024,BE,,ComplianceOrder
Decision|Belgium_92,Decision,Belgium_92,2024,BE,,Warning
Decision|Belgium_93,Decision,Belgium_93,2020,BE,5000.0,NoFormalMeasure
Decision|Belgium_94,Decision,Belgium_94,2021,BE,,Reprimand
Decision|Belgium_95,Decision,Belgium_95,2021,BE,,Reprimand
Decision|Belgium_97,Decision,Belgium_97,2021,BE,30000.0,ComplianceOrder
Decision|Belgium_98,Decision,Belgium_98,2023,BE,40000.0,Reprimand
Decision|Belgium_99,Decision,Belgium_99,2024,BE,,Warning
Decision|Belgium_100,Decision,Belgium_100,2023,BE,,Reprimand
Decision|Belgium_101,Decision,Belgium_101,2024,BE,,Warning
Decision|Belgium_102,Decision,Belgium_102,2020,BE,,Reprimand
Decision|Belgium_103,Decision,Belgium_103,2021,ES,8000000.0,ComplianceOrder
Decision|Belgium_104,Decision,Belgium_104,2022,BE,,ComplianceOrder
Decision|Belgium_105,Decision,Belgium_105,2023,BE,,NoFormalMeasure
Decision|Belgium_106,Decision,Belgium_106,2020,BE,,NoFormalMeasure
Decision|Belgium_107,Decision,Belgium_107,2023,BE,,Warning
Decision|Belgium_108,Decision,Belgium_108,2024,BE,,NoFormalMeasure
Decision|Belgium_110,Decision,Belgium_110,2025,BE,,ComplianceOrder
Decision|Belgium_111,Decision,Belgium_111,2021,BE,,ComplianceOrder
Decision|Belgium_112,Decision,Belgium_112,2024,BE,,Warning
Decision|Belgium_113,Decision,Belgium_113,2024,BE,,NoFormalMeasure
Decision|Belgium_114,Decision,Belgium_114,2024,BE,,NoFormalMeasure
Decision|Belgium_115,Decision,Belgium_115,2022,BE,10000.0,NoFormalMeasure
Decision|Belgium_116,Decision,Belgium_116,2024,BE,,Warning
Decision|Belgium_117,Decision,Belgium_117,2025,BE,,Warning
Decision|Belgium_118,Decision,Belgium_118,2020,BE,,NoFormalMeasure
Decision|Belgium_119,Decision,Belgium_119,2021,BE,,Reprimand
Decision|Belgium_120,Decision,Belgium_120,2023,BE,,NoFormalMeasure
Decision|Belgium_121,Decision,Belgium_121,2020,BE,1500.0,ComplianceOrder
Decision|Belgium_122,Decision,Belgium_122,2023,BE,,NoFormalMeasure
Decision|Belgium_123,Decision,Belgium_123,2024,BE,,NoFormalMeasure
Decision|Belgium_124,Decision,Belgium_124,2020,BE,1500.0,Reprimand
Decision|Belgium_125,Decision,Belgium_125,2024,BE,,Warning
Decision|Belgium_126,Decision,Belgium_126,2023,BE,10000.0,ComplianceOrder
Decision|Belgium_127,Decision,Belgium_127,2025,BE,,Reprimand
Decision|Belgium_129,Decision,Belgium_129,2023,BE,,Warning
Decision|Belgium_130,Decision,Belgium_130,2024,BE,,NoFormalMeasure
Decision|Belgium_131,Decision,Belgium_131,2021,BE,,ErasureOrRestrictionOrder
Decision|Belgium_133,Decision,Belgium_133,2023,BE,,Reprimand
Decision|Belgium_134,Decision,Belgium_134,2024,BE,,Warning
Decision|Belgium_135,Decision,Belgium_135,2020,BE,,Reprimand
Decision|Belgium_136,Decision,Belgium_136,2022,BE,5000.0,ErasureOrRestrictionOrder
Decision|Belgium_137,Decision,Belgium_137,2021,BE,,NoFormalMeasure
Decision|Belgium_139,Decision,Belgium_139,2024,BE,,NoFormalMeasure
Decision|Belgium_140,Decision,Belgium_140,2023,BE,,ErasureOrRestrictionOrder
Decision|Belgium_142,Decision,Belgium_142,2024,BE,,NoFormalMeasure
Decision|Belgium_143,Decision,Belgium_143,2025,BE,,ErasureOrRestrictionOrder
Decision|Belgium_144,Decision,Belgium_144,2024,BE,,NoFormalMeasure
Decision|Belgium_145,Decision,Belgium_145,2023,BE,,NoFormalMeasure
Decision|Belgium_146,Decision,Belgium_146,2024,BE,,ComplianceOrder
Decision|Belgium_147,Decision,Belgium_147,2024,BE,,NoFormalMeasure
Decision|Belgium_148,Decision,Belgium_148,2023,BE,,Warning
Decision|Belgium_149,Decision,Belgium_149,2024,BE,,NoFormalMeasure
Decision|Belgium_150,Decision,Belgium_150,2022,BE,20000.0,NoFormalMeasure
Decision|Belgium_151,Decision,Belgium_151,2024,BE,,NoFormalMeasure
Decision|Belgium_152,Decision,Belgium_152,,NOT_DISCUSSED,,NoFormalMeasure
Decision|Belgium_153,Decision,Belgium_153,2023,BE,,Warning
Decision|Belgium_154,Decision,Belgium_154,2024,BE,,NoFormalMeasure
Decision|Belgium_155,Decision,Belgium_155,2022,BE,,NoFormalMeasure
Decision|Belgium_156,Decision,Belgium_156,2022,BE,,NoFormalMeasure
Decision|Belgium_157,Decision,Belgium_157,2023,BE,,ComplianceOrder
Decision|Belgium_158,Decision,Belgium_158,2024,BE,100000.0,NoFormalMeasure
Decision|Belgium_159,Decision,Belgium_159,2024,BE,8000.0,NoFormalMeasure
Decision|Belgium_160,Decision,Belgium_160,2023,BE,,NoFormalMeasure
Decision|Belgium_161,Decision,Belgium_161,2024,BE,,NoFormalMeasure
Decision|Belgium_162,Decision,Belgium_162,2023,BE,,ComplianceOrder
Decision|Belgium_163,Decision,Belgium_163,2025,BE,,Warning
Decision|Belgium_164,Decision,Belgium_164,2024,BE,,NoFormalMeasure
Decision|Belgium_167,Decision,Belgium_167,2022,BE,,Reprimand
Decision|Belgium_168,Decision,Belgium_168,2021,BE,,NoFormalMeasure
Decision|Belgium_169,Decision,Belgium_169,2022,BE,,NoFormalMeasure
Decision|Belgium_170,Decision,Belgium_170,2021,BE,,NoFormalMeasure
Decision|Belgium_171,Decision,Belgium_171,2021,BE,,Reprimand
Decision|Belgium_172,Decision,Belgium_172,2022,BE,10000.0,NoFormalMeasure
Decision|Belgium_173,Decision,Belgium_173,2023,BE,,NoFormalMeasure
Decision|Belgium_174,Decision,Belgium_174,2021,BE,,Warning
Decision|Belgium_175,Decision,Belgium_175,2024,BE,50000.0,ComplianceOrder
Decision|Belgium_176,Decision,Belgium_176,,NOT_DISCUSSED,,NoFormalMeasure
Decision|Belgium_177,Decision,Belgium_177,2024,BE,,NoFormalMeasure
Decision|Belgium_178,Decision,Belgium_178,2025,BE,,NoFormalMeasure
Decision|Belgium_179,Decision,Belgium_179,2022,BE,,NoFormalMeasure
Decision|Belgium_180,Decision,Belgium_180,2023,BE,,Warning
Decision|Belgium_181,Decision,Belgium_181,2022,BE,,NoFormalMeasure
Decision|Belgium_182,Decision,Belgium_182,2023,BE,,Reprimand
Decision|Belgium_184,Decision,Belgium_184,2022,BE,,ErasureOrRestrictionOrder
Decision|Belgium_185,Decision,Belgium_185,2023,BE,,Reprimand
Decision|Belgium_186,Decision,Belgium_186,2022,BE,,Reprimand
Decision|Belgium_187,Decision,Belgium_187,2022,BE,,NoFormalMeasure
Decision|Belgium_188,Decision,Belgium_188,2021,BE,75000.0,ComplianceOrder
Decision|Belgium_189,Decision,Belgium_189,2023,BE,,NoFormalMeasure
Decision|Belgium_190,Decision,Belgium_190,2023,BE,,NoFormalMeasure
Decision|Belgium_191,Decision,Belgium_191,2022,BE,,NoFormalMeasure
Decision|Belgium_192,Decision,Belgium_192,2022,BE,,Warning
Decision|Belgium_193,Decision,Belgium_193,2023,BE,,Reprimand
Decision|Belgium_196,Decision,Belgium_196,2022,BE,,ComplianceOrder
Decision|Belgium_197,Decision,Belgium_197,2022,BE,,Reprimand
Decision|Belgium_198,Decision,Belgium_198,2023,BE,,ErasureOrRestrictionOrder
Decision|Belgium_199,Decision,Belgium_199,2023,BE,,Warning
Decision|Belgium_200,Decision,Belgium_200,2023,BE,,NoFormalMeasure
Decision|Belgium_201,Decision,Belgium_201,2022,BE,,Reprimand
