id:ID,:LABEL,name,defendant_class,enterprise_size,sector
Defendant|ORGANIC_AND_NATUR_03_S_L,Defendant,"ORGANIC AND NATUR 03, S.L.",PRIVATE,SME,RETAIL
Defendant|VENU_SANZ_CHEF_S_L,Defendant,"VENU SANZ CHEF, S.L.",PRIVATE,UNKNOWN,DIGITAL_SERVICES
Defendant|EXTREME_O_DE_SALUD_SERVICE,Defendant,EXTREMEÑO DE SALUD SERVICE,PUBLIC,NOT_APPLICABLE,HEALTH
Defendant|CONSEGURIDAD_S_L,Defendant,CONSEGURIDAD S.L.,PRIVATE,UNKNOWN,OTHER
Defendant|B_B_B,Defendant,B.B.B.,INDIVIDUAL,NOT_APPLICABLE,HOUSING_TOURISM
Defendant|VOX_ESPA_A,Defendant,VOX ESPAÑA,OTHER,UNKNOWN,OTHER
Defendant|TOWN_HALL_OF_ARROYOMOLINOS,Defendant,Town Hall of Arroyomolinos,PUBLIC,NOT_APPLICABLE,OTHER_PUBLIC_ADMIN
Defendant|AUDAX_RENOVABLES_S_A,Defendant,"AUDAX RENOVABLES, S.A.",PRIVATE,UNKNOWN,UTILITIES
Defendant|RADIOTELEVISI_N_OF_THE_PRINCIPALITY_OF_ASTURIAS,Defendant,RADIOTELEVISIÓN OF THE PRINCIPALITY OF ASTURIAS,PUBLIC,NOT_APPLICABLE,MEDIA
Defendant|MEDEROS_MOVITEN_S_L,Defendant,"Mederos Moviten, S.L.",PRIVATE,UNKNOWN,TELECOM
Defendant|XFERA_M_VILES_S_A,Defendant,"XFERA MÓVILES, S.A.",PRIVATE,UNKNOWN,TELECOM
Defendant|CERRAJERO_ONLINE_S_L,Defendant,CERRAJERO ONLINE S.L.,PRIVATE,SME,OTHER
Defendant|TODOTECNICOS24H_S_L,Defendant,TODOTECNICOS24H S.L.,PRIVATE,UNKNOWN,OTHER
Defendant|THE_WASHPOINT_S_L,Defendant,THE WASHPOINT S.L.,PRIVATE,UNKNOWN,DIGITAL_SERVICES
Defendant|MINISTRY_OF_HEALTH_OF_THE_COMMUNITY_OF_MADRID,Defendant,MINISTRY OF HEALTH OF THE COMMUNITY OF MADRID,PUBLIC,NOT_APPLICABLE,HEALTH
Defendant|SERVICIO_DE_SALUD_DE_CASTILLA_LA_MANCHA,Defendant,SERVICIO DE SALUD DE CASTILLA-LA MANCHA,PUBLIC,NOT_APPLICABLE,HEALTH
Defendant|AAA,Defendant,AAA,INDIVIDUAL,NOT_APPLICABLE,HOUSING_TOURISM
Defendant|A_A_A,Defendant,A.A.A.,INDIVIDUAL,NOT_APPLICABLE,HOUSING_TOURISM
Defendant|B_B_B,Defendant,B.B.B.,PRIVATE,UNKNOWN,OTHER
Defendant|CENTRAL_SINDICAL_INDEPENDIENTE_Y_DE_OFFICIALS_CSI_CSIF,Defendant,CENTRAL SINDICAL INDEPENDIENTE Y DE OFFICIALS CSI-CSIF,NGO_OR_NONPROFIT,UNKNOWN,MEMBERSHIP_ORGS
Defendant|RAISE_MARKETING_SL,Defendant,"RAISE MARKETING, SL",PRIVATE,UNKNOWN,DIGITAL_SERVICES
Defendant|VODAFONE_ESPA_A_S_A_U,Defendant,"VODAFONE ESPAÑA, S.A.U.",PRIVATE,LARGE,TELECOM
Defendant|WW_E_SERVICES_IBERIA_S_L_U_WESTWING,Defendant,"WW E-SERVICES IBERIA, S.L.U. (WESTWING)",PRIVATE,UNKNOWN,RETAIL
Defendant|VODAFONE_ESPA_A_S_A_U,Defendant,"Vodafone España, S.A.U.",PRIVATE,LARGE,TELECOM
Defendant|A_A_A,Defendant,A.A.A.,INDIVIDUAL,NOT_APPLICABLE,OTHER
Defendant|B_B_B,Defendant,B.B.B.,PRIVATE,UNKNOWN,DIGITAL_SERVICES
Defendant|UNITED_PARCEL_SERVICE_ESPA_A_LTD_AND_COMPA_IA_SRC,Defendant,UNITED PARCEL SERVICE ESPAÑA LTD AND COMPAÑIA SRC,PRIVATE,LARGE,DIGITAL_SERVICES
Defendant|HANDBALL_FEDERATION_OF_THE_PRINCIPALITY_OF_ASTURIAS,Defendant,HANDBALL FEDERATION OF THE PRINCIPALITY OF ASTURIAS,NGO_OR_NONPROFIT,UNKNOWN,OTHER
Defendant|COMERCIO_ONLINE_LEVANTE_S_L,Defendant,"COMERCIO ONLINE LEVANTE, S.L.",PRIVATE,SME,RETAIL
Defendant|JOKER_PREMIUM_INVEX_S_L,Defendant,"JOKER PREMIUM INVEX, S.L.",PRIVATE,SME,DIGITAL_SERVICES
Defendant|NOT_APPLICABLE,Defendant,NOT_APPLICABLE,NOT_APPLICABLE,NOT_APPLICABLE,NOT_APPLICABLE
Defendant|TWITTER_INTERNATIONAL_COMPANY_TWITTER_SPAIN_SL,Defendant,"TWITTER INTERNATIONAL COMPANY (TWITTER SPAIN, SL)",PRIVATE,VERY_LARGE,DIGITAL_SERVICES
Defendant|TNT_EXPRESS_WORLDWIDE_SPAIN_S_L,Defendant,"TNT EXPRESS WORLDWIDE SPAIN, S.L.",PRIVATE,UNKNOWN,OTHER
Defendant|CAFE_BAR_NINA_NINA_CB,Defendant,CAFE BAR NINA (Nina Cb),PRIVATE,SME,RETAIL
Defendant|VODAFONE_ESPA_A_SAU,Defendant,"VODAFONE ESPAÑA, SAU",PRIVATE,LARGE,TELECOM
Defendant|ORANGE_ESPAGNE_S_A_U,Defendant,"ORANGE ESPAGNE, S.A.U.",PRIVATE,LARGE,TELECOM
Defendant|ATRESMEDIA_CORPORACI_N_DE_MEDIOS_DE_COMUNICACI_N_S_A,Defendant,"ATRESMEDIA CORPORACIÓN DE MEDIOS DE COMUNICACIÓN, S.A.",PRIVATE,LARGE,MEDIA
Defendant|MOLINA_DE_SEGURA_CITY_COUNCIL,Defendant,MOLINA DE SEGURA CITY COUNCIL,PUBLIC,NOT_APPLICABLE,OTHER_PUBLIC_ADMIN
Defendant|ASOCIACI_N_ESPA_OLA_PARA_LA_PREVENCI_N_DEL_ACOSACOLAR,Defendant,ASOCIACIÓN ESPAÑOLA PARA LA PREVENCIÓN DEL ACOSACOLAR,NGO_OR_NONPROFIT,UNKNOWN,EDUCATION
Defendant|SIGNALLIA_MARKETING_DISTRIBUTION_S_A,Defendant,"SIGNALLIA MARKETING DISTRIBUTION, S.A.",PRIVATE,SME,HOUSING_TOURISM
Defendant|DR_MAR_N_CIRUGIA_PL_STICA_S_L_P,Defendant,"DR MARÍN CIRUGIA PLÁSTICA, S.L.P.",PRIVATE,UNKNOWN,HEALTH
Defendant|SERVICIO_DE_ALOJAMIENTOS_RESPONSABLES_S_L,Defendant,"Servicio de Alojamientos Responsables, S.L.",PRIVATE,UNKNOWN,OTHER
Defendant|LOSADA_ADVOCATS_S_L,Defendant,LOSADA ADVOCATS S.L.,PRIVATE,UNKNOWN,CONSULTING
Defendant|SEGURCAIXA_ADESLAS_S_A_OF_INSURANCE_AND_REINSURANCE,Defendant,"SEGURCAIXA ADESLAS, S.A. OF INSURANCE AND REINSURANCE",PRIVATE,LARGE,FINANCIAL
Defendant|EL_MAESTRO_CERRAJERO_SL,Defendant,EL MAESTRO CERRAJERO SL,PRIVATE,UNKNOWN,OTHER
Defendant|COMPANY_1,Defendant,*** COMPANY.1.,PRIVATE,SME,OTHER
Defendant|IZA_OBRAS_Y_PROMOCIONES_S_A,Defendant,"IZA OBRAS Y PROMOCIONES, S.A.",PRIVATE,UNKNOWN,OTHER
Defendant|CITY_COUNCIL_OF_IMPROVEMENT_OF_THE_FIELD,Defendant,CITY COUNCIL OF IMPROVEMENT OF THE FIELD,PUBLIC,NOT_APPLICABLE,OTHER_PUBLIC_ADMIN
Defendant|CITY_COUNCIL_OF_BURGOS,Defendant,CITY COUNCIL OF BURGOS,PUBLIC,NOT_APPLICABLE,OTHER_PUBLIC_ADMIN
Defendant|BORJAMOTOR_S_A,Defendant,"BORJAMOTOR, S.A.",PRIVATE,UNKNOWN,RETAIL
Defendant|TECSIBLE_S_L,Defendant,"TECSIBLE, S.L.",PRIVATE,UNKNOWN,TELECOM
Defendant|B_B_B,Defendant,B.B.B.,INDIVIDUAL,NOT_APPLICABLE,OTHER
Defendant|AAA,Defendant,AAA,INDIVIDUAL,NOT_APPLICABLE,OTHER
Defendant|IDFINANCE_SPAIN_S_L,Defendant,"IDFINANCE SPAIN, S.L.",PRIVATE,UNKNOWN,FINANCIAL
Defendant|NOT_DISCUSSED,Defendant,NOT_DISCUSSED,NOT_DISCUSSED,NOT_DISCUSSED,NOT_DISCUSSED
Defendant|COMPROM_S,Defendant,Compromís,OTHER,NOT_APPLICABLE,OTHER
Defendant|PARTIDO_ARAGON_S_REGIONALISTA,Defendant,PARTIDO ARAGONÉS REGIONALISTA,OTHER,NOT_APPLICABLE,OTHER
Defendant|PARTIT_DELS_SOCIALISTES_DE_CATALUNYA_PSC_PSOE,Defendant,Partit dels Socialistes de Catalunya (PSC-PSOE),OTHER,NOT_APPLICABLE,OTHER
Defendant|CITY_COUNCIL_OF_EL_ESCORIAL,Defendant,CITY COUNCIL OF EL ESCORIAL,PUBLIC,NOT_APPLICABLE,OTHER_PUBLIC_ADMIN
Defendant|TELEF_NICA_M_VILES_ESPA_A_S_A_U,Defendant,"Telefónica Móviles España, S.A.U.",PRIVATE,LARGE,TELECOM
Defendant|A_A_A,Defendant,A.A.A.,PRIVATE,UNKNOWN,OTHER
Defendant|BANCO_BILBAO_VIZCAYA_ARGENTARIA_S_A,Defendant,"BANCO BILBAO VIZCAYA ARGENTARIA, S.A.",PRIVATE,VERY_LARGE,FINANCIAL
Defendant|STATE_AGENCY_OF_TAX_ADMINISTRATION,Defendant,STATE AGENCY OF TAX ADMINISTRATION,PUBLIC,NOT_APPLICABLE,OTHER_PUBLIC_ADMIN
Defendant|IBERDROLA_CLIENTES_SAU,Defendant,"IBERDROLA CLIENTES, SAU",PRIVATE,LARGE,UTILITIES
Defendant|CASA_GRACIO_OPERATION_SLU,Defendant,"CASA GRACIO OPERATION, SLU",PRIVATE,UNKNOWN,HOUSING_TOURISM
Defendant|GLOVOAPP23_S_L,Defendant,"GLOVOAPP23, S.L.",PRIVATE,LARGE,DIGITAL_SERVICES
Defendant|IBERIA_L_NEAS_A_REAS_DE_ESPA_A_S_A_OPERADORA_UNIPERSONAL,Defendant,"IBERIA LÍNEAS AÉREAS DE ESPAÑA, S.A. OPERADORA UNIPERSONAL",PRIVATE,LARGE,DIGITAL_SERVICES
Defendant|BANCO_BILBAO_VIZCAYA_ARGENTARIA_S_A,Defendant,"BANCO BILBAO VIZCAYA ARGENTARIA, S.A.",PRIVATE,LARGE,FINANCIAL
Defendant|CITY_COUNCIL_OF_LOCALIDAD_1,Defendant,CITY COUNCIL OF *** LOCALIDAD.1,PUBLIC,NOT_APPLICABLE,OTHER_PUBLIC_ADMIN
Defendant|CONGOSTO_DE_VALDAVIA_CITY_COUNCIL,Defendant,CONGOSTO DE VALDAVIA CITY COUNCIL,PUBLIC,NOT_APPLICABLE,OTHER_PUBLIC_ADMIN
Defendant|GENERAL_DIRECTORATE_OF_THE_CIVIL_GUARD,Defendant,GENERAL DIRECTORATE OF THE CIVIL GUARD,PUBLIC,NOT_APPLICABLE,OTHER_PUBLIC_ADMIN
Defendant|CANARYCLICK_CONSULTING_SL,Defendant,CANARYCLICK CONSULTING SL,PRIVATE,UNKNOWN,DIGITAL_SERVICES
Defendant|IMNOVA_RESORT_SL,Defendant,"IMNOVA RESORT, SL",PRIVATE,UNKNOWN,DIGITAL_SERVICES
Defendant|FLEXOGR_FICA_DEL_MEDITERR_NEO_S_L,Defendant,"FLEXOGRÁFICA DEL MEDITERRÁNEO, S.L.",PRIVATE,UNKNOWN,OTHER
Defendant|CAIXABANK_S_A,Defendant,CAIXABANK S.A.,PRIVATE,VERY_LARGE,FINANCIAL
Defendant|OUTSIDE_SERVICE_OF_LABOUR_PREVENTION_EXTREME_A_S_L,Defendant,"OUTSIDE SERVICE OF LABOUR PREVENTION EXTREMEÑA, S.L.",PRIVATE,UNKNOWN,HEALTH
Defendant|LA_OFFICE_BAR_XXXX,Defendant,LA OFFICE BAR XXXX,PRIVATE,UNKNOWN,OTHER
Defendant|LODEJU_S_L,Defendant,"LODEJU, S.L.",PRIVATE,UNKNOWN,RETAIL
Defendant|ZHANG_BORDETA_2006_S_L,Defendant,"ZHANG BORDETA 2006, S.L.",PRIVATE,UNKNOWN,RETAIL
Defendant|CULTURAL_ASSOCIATION_ASSOCIATION_1,Defendant,CULTURAL ASSOCIATION *** ASSOCIATION.1,NGO_OR_NONPROFIT,UNKNOWN,EDUCATION
Defendant|EQUIFAX_IBERICA_S_L,Defendant,"EQUIFAX IBERICA, S.L.",PRIVATE,UNKNOWN,FINANCIAL
Defendant|BBB,Defendant,BBB,INDIVIDUAL,NOT_APPLICABLE,OTHER
Defendant|D_D_D,Defendant,D.D.D.,INDIVIDUAL,NOT_APPLICABLE,EDUCATION
Defendant|GARANTIZA_AUTOMOCI_N_SL,Defendant,"GARANTIZA AUTOMOCIÓN, SL",PRIVATE,UNKNOWN,OTHER
Defendant|DON_B_B_B,Defendant,Don B.B.B.,INDIVIDUAL,NOT_APPLICABLE,OTHER
Defendant|ORANGE_ESPAGNE_S_A_U,Defendant,ORANGE ESPAGNE S.A.U.,PRIVATE,VERY_LARGE,TELECOM
Defendant|GLOVOAPP23_SL,Defendant,"GLOVOAPP23, SL",PRIVATE,LARGE,DIGITAL_SERVICES
Defendant|SHANA_RETAIL_S_L,Defendant,SHANA RETAIL S.L.,PRIVATE,UNKNOWN,RETAIL
Defendant|MYMOVILES_EUROPA_2000_S_L,Defendant,"MYMOVILES EUROPA 2000, S.L.",PRIVATE,UNKNOWN,TELECOM
Defendant|CENTRO_DE_ESTUDIES_ADDRESSED_DELTA_S_L,Defendant,"CENTRO DE ESTUDIES addressed DELTA, S.L.",PRIVATE,UNKNOWN,EDUCATION
Defendant|CITY_COUNCIL_OF_GIJ_N,Defendant,CITY COUNCIL OF GIJÓN,PUBLIC,NOT_APPLICABLE,OTHER_PUBLIC_ADMIN
Defendant|CITY_COUNCIL_OF_RIBADEDEVA,Defendant,CITY COUNCIL OF RIBADEDEVA,PUBLIC,NOT_APPLICABLE,OTHER_PUBLIC_ADMIN
Defendant|VODAFONE_ESPA_A_S_A_U,Defendant,"VODAFONE ESPAÑA, S.A.U.",PRIVATE,VERY_LARGE,TELECOM
Defendant|XFERA_M_VILES_SA,Defendant,"XFERA MÓVILES, SA",PRIVATE,UNKNOWN,TELECOM
Defendant|MEETING_PUERTO_C_B,Defendant,MEETING PUERTO C.B.,PRIVATE,SME,RETAIL
Defendant|B_B_B,Defendant,B.B.B.,PRIVATE,SME,RETAIL
Defendant|DIRECTORATE_GENERAL_OF_THE_POLICE,Defendant,DIRECTORATE GENERAL OF THE POLICE,PUBLIC,NOT_APPLICABLE,OTHER_PUBLIC_ADMIN
Defendant|VACACIONES_EDREAMS_S_L,Defendant,"VACACIONES EDREAMS, S.L.",PRIVATE,UNKNOWN,DIGITAL_SERVICES
Defendant|XFERA_M_VILES_S_A,Defendant,"XFERA MÓVILES, S.A.",PRIVATE,LARGE,TELECOM
Defendant|COMMUNITY_OF_OWNERS_R_R_R,Defendant,COMMUNITY OF OWNERS R.R.R.,OTHER,NOT_APPLICABLE,HOUSING_TOURISM
Defendant|PARTIT_DELS_SOCIALISTES_DE_CATALUNYA_PSCPSOE,Defendant,PARTIT DELS SOCIALISTES DE CATALUNYA (PSCPSOE),POLITICAL_PARTY,UNKNOWN,OTHER
Defendant|XFERA_M_VILES_S_A,Defendant,"Xfera Móviles, S.A.",PRIVATE,UNKNOWN,TELECOM
Defendant|EQUIFAX_IBERICA_S_L,Defendant,"Equifax Iberica, S.L.",PRIVATE,LARGE,FINANCIAL
Defendant|MALAGATROM_S_L_U,Defendant,"MALAGATROM, S.L.U.",PRIVATE,SME,RETAIL
Defendant|KUKIMBIA_S_L,Defendant,KUKIMBIA S.L.,PRIVATE,SME,OTHER
Defendant|HAPPY_FRIDAY_SL,Defendant,"HAPPY FRIDAY, SL",PRIVATE,SME,RETAIL
Defendant|DE_VERE_SPAIN_SL,Defendant,"DE VERE SPAIN, SL",PRIVATE,UNKNOWN,OTHER
Defendant|MYHERITAGE_LTD,Defendant,MYHERITAGE LTD,PRIVATE,LARGE,DIGITAL_SERVICES
Defendant|BASER_COMERCIALIZADORA_DE_REFERENCIA_S_A,Defendant,"BASER COMERCIALIZADORA DE REFERENCIA, S.A.",PRIVATE,UNKNOWN,UTILITIES
Defendant|SACRAMENTAL_AND_PENITENTIAL_BROTHERHOOD_OF_OUR_FATHER_JESUS_SACRAMENT_AND_MOST_BLESSED_MARY_OF_PIEDAD_AMPARO_DE_LOS_LEONESES,Defendant,"SACRAMENTAL AND PENITENTIAL BROTHERHOOD OF OUR FATHER JESUS SACRAMENT AND MOST BLESSED MARY OF PIEDAD, AMPARO DE LOS LEONESES",RELIGIOUS,NOT_APPLICABLE,RELIGIOUS_ORGS
Defendant|ASESOR_A_ALPI_CL_A_S_L,Defendant,"ASESORÍA ALPI-CLÚA, S.L.",PRIVATE,SME,CONSULTING
Defendant|RAMONA_FILMS_SL,Defendant,"RAMONA FILMS, SL",PRIVATE,UNKNOWN,DIGITAL_SERVICES
Defendant|HIGHCLIFFE_ESTATES_MARBELLA_S_L,Defendant,"HIGHCLIFFE ESTATES MARBELLA, S.L.",PRIVATE,UNKNOWN,OTHER
Defendant|REAL_CLUB_N_UTICO_DE_RIBADEO,Defendant,REAL CLUB NÁUTICO DE RIBADEO,NGO_OR_NONPROFIT,UNKNOWN,OTHER
Defendant|MARKETING_ACCOMMODATION_SOLUTIONS_FZ_L_L_C,Defendant,"MARKETING ACCOMMODATION SOLUTIONS FZ, L.L.C.",PRIVATE,UNKNOWN,HOUSING_TOURISM
Defendant|VODAFONE_SPAIN_S_A_U,Defendant,"VODAFONE SPAIN, S.A.U.",PRIVATE,LARGE,TELECOM
Defendant|AVILON_CENTER_2016_S_L,Defendant,"AVILON CENTER 2016, S.L.",PRIVATE,UNKNOWN,DIGITAL_SERVICES
Defendant|GENERAL_DIRECTORATE_OF_THE_POLICE,Defendant,GENERAL DIRECTORATE OF THE POLICE,PUBLIC,NOT_APPLICABLE,OTHER_PUBLIC_ADMIN
Defendant|A_A_A,Defendant,A.A.A.,INDIVIDUAL,NOT_APPLICABLE,RETAIL
Defendant|GEOPOST_ESPA_A_S_L,Defendant,"GEOPOST ESPAÑA, S.L.",PRIVATE,SME,DIGITAL_SERVICES
Defendant|COMUNIDAD_DE_OWNERS_R_R_R,Defendant,COMUNIDAD DE OWNERS R.R.R.,OTHER,NOT_APPLICABLE,HOUSING_TOURISM
Defendant|AXA_REAL_ESTATE_INVESTMENT_MANAGERS_IBERICA_S_A,Defendant,AXA REAL ESTATE INVESTMENT MANAGERS IBERICA S.A.,PRIVATE,SME,OTHER
Defendant|MINISTRY_OF_INCLUSION_SOCIAL_SECURITY_AND_MIGRATION_SUBDIRECCI_N_GENERAL_DE_RECURSOS_HUMANOS_E_INSPECCI_N_GENERAL_DE_SERVICIOS,Defendant,"MINISTRY OF INCLUSION,SOCIAL SECURITY AND MIGRATION. SUBDIRECCIÓN GENERAL DE RECURSOS HUMANOS E INSPECCIÓN GENERAL DE SERVICIOS",PUBLIC,NOT_APPLICABLE,OTHER_PUBLIC_ADMIN
Defendant|HERTZ_DE_ESPA_A_S_L,Defendant,"HERTZ DE ESPAÑA, S.L.",PRIVATE,LARGE,OTHER
Defendant|INFINITY_ECOM_S_L,Defendant,INFINITY ECOM S.L.,PRIVATE,UNKNOWN,RETAIL
Defendant|VUKMAL_TRADE_S_L,Defendant,"VUKMAL TRADE, S.L.",PRIVATE,UNKNOWN,OTHER
Defendant|DIGI_SPAIN_TELECOM_S_L,Defendant,"DIGI SPAIN TELECOM, S.L.",PRIVATE,UNKNOWN,TELECOM
Defendant|SPANISH_ASSOCIATION_OF_PEDIATRICS,Defendant,Spanish Association of Pediatrics,NGO_OR_NONPROFIT,NOT_APPLICABLE,HEALTH
Defendant|COMMUNITY_HEALTH_DEPARTMENT_DE_MADRID,Defendant,COMMUNITY HEALTH DEPARTMENT DE MADRID,PUBLIC,NOT_APPLICABLE,HEALTH
Defendant|GOOGLE_LLC,Defendant,GOOGLE LLC,PRIVATE,VERY_LARGE,DIGITAL_SERVICES
Defendant|VODAFONE_ESPA_A_S_A_U,Defendant,"VODAFONE ESPAÑA,S.A.U",PRIVATE,LARGE,TELECOM
Defendant|GOKOAN_EDUCATION_S_L,Defendant,"GOKOAN EDUCATION, S. L.",PRIVATE,UNKNOWN,EDUCATION
Defendant|CONSEJERIA_DESANIDAD_DE_LA_COMUNIDAD_DE_MADRID_SERVICIO_MADRILE_O_DE_SALUD,Defendant,CONSEJERIA DESANIDAD DE LA COMUNIDAD DE MADRID - SERVICIO MADRILEÑO DE SALUD,PUBLIC,NOT_APPLICABLE,HEALTH
Defendant|AMAZON_WEB_SERVICES_EMEA_SARL_SUCURSAL_EN_ESPA_A,Defendant,AMAZON WEB SERVICES EMEA SARL SUCURSAL EN ESPAÑA,PRIVATE,VERY_LARGE,DIGITAL_SERVICES
Defendant|CAIXABANK_S_A,Defendant,"CAIXABANK, S.A.",PRIVATE,LARGE,FINANCIAL
Defendant|GOOGLE_SPAIN_SL,Defendant,"GOOGLE SPAIN, SL",PRIVATE,VERY_LARGE,DIGITAL_SERVICES
Defendant|BABY_PALACE_S_L,Defendant,"BABY PALACE, S.L.",PRIVATE,UNKNOWN,RETAIL
Defendant|GOOGLE_INC,Defendant,GOOGLE INC.,PRIVATE,VERY_LARGE,DIGITAL_SERVICES
Defendant|EVO_BANCO_S_A_U,Defendant,"EVO BANCO, S.A.U.",PRIVATE,UNKNOWN,FINANCIAL
Defendant|ASSOCIACI_PER_LA_POLITICAL_PARTICIPATION_TO_CATALUNYA,Defendant,ASSOCIACIÓ PER LA POLITICAL PARTICIPATION TO CATALUNYA,NGO_OR_NONPROFIT,UNKNOWN,OTHER
Defendant|ASSOCIACI_PER_LA_PARTICIPACI_POLITICA_A_CATALUNYA,Defendant,ASSOCIACIÓ PER LA PARTICIPACIÓ POLITICA A CATALUNYA,NGO_OR_NONPROFIT,UNKNOWN,OTHER
Defendant|KUTXABANK_S_A,Defendant,"KUTXABANK, S.A.",PRIVATE,LARGE,FINANCIAL
Defendant|COUNCIL_OF_EDUCATION_IES_B_B_B,Defendant,"COUNCIL OF EDUCATION, *** IES B.B.B.",PUBLIC,NOT_APPLICABLE,EDUCATION
Defendant|SERVICIO_GALLEGO_DE_SALUD_SERGAS,Defendant,SERVICIO GALLEGO DE SALUD (SERGAS),PUBLIC,NOT_APPLICABLE,HEALTH
Defendant|AMAZON_SPAIN_FULFILLMENT_S_L_U,Defendant,"AMAZON SPAIN FULFILLMENT, S.L.U.",PRIVATE,LARGE,RETAIL
Defendant|HEALTH_SERVICE_OF_THE_PRINCIPALITY_OF_ASTURIAS,Defendant,HEALTH SERVICE OF THE PRINCIPALITY OF ASTURIAS,PUBLIC,NOT_APPLICABLE,HEALTH
Defendant|CGT_SECTOR_FEDERAL_DE_TELEMARKETING,Defendant,CGT SECTOR FEDERAL DE TELEMARKETING,NGO_OR_NONPROFIT,NOT_APPLICABLE,OTHER
Defendant|ADEVINTA_SPAIN_S_L,Defendant,"ADEVINTA SPAIN, S.L.",PRIVATE,UNKNOWN,DIGITAL_SERVICES
Defendant|4FINANCE_SPAIN_FINANCIAL_SERVICES_S_A_U,Defendant,"4FINANCE SPAIN FINANCIAL SERVICES, S.A.U.",PRIVATE,UNKNOWN,FINANCIAL
Defendant|SAGE_SPAIN_SL,Defendant,"SAGE SPAIN, SL",PRIVATE,UNKNOWN,OTHER
Defendant|CONSEJER_A_DE_SANIDAD_DE_LA_COMUNIDAD_DE_MADRID_SERVICIO_MADRILE_O_DE_SALUD,Defendant,CONSEJERÍA DE SANIDAD DE LA COMUNIDAD DE MADRID - SERVICIO MADRILEÑO DE SALUD,PUBLIC,NOT_APPLICABLE,HEALTH
Defendant|NOT_DISCUSSED,Defendant,NOT_DISCUSSED,PUBLIC,NOT_APPLICABLE,OTHER_PUBLIC_ADMIN
Defendant|CLUB_ESPORTIU_VILA_OL_MPICA,Defendant,CLUB ESPORTIU VILA OLÍMPICA,NGO_OR_NONPROFIT,SME,FITNESS_WELLNESS
Defendant|DEPARTMENT_OF_EDUCATION,Defendant,Department of Education,PUBLIC,NOT_APPLICABLE,EDUCATION
Defendant|AJUNTAMENT_DE_BARCELONA,Defendant,Ajuntament de Barcelona,PUBLIC,NOT_APPLICABLE,OTHER_PUBLIC_ADMIN
Defendant|ENVIRONMENTAL_ADMINISTRATION_BODY,Defendant,environmental administration body,PUBLIC,NOT_APPLICABLE,OTHER_PUBLIC_ADMIN
Defendant|TIANA_CITY_COUNCIL,Defendant,Tiana City Council,PUBLIC,NOT_APPLICABLE,OTHER_PUBLIC_ADMIN
Defendant|CITY_COUNCIL_OF_LA_CANONJA,Defendant,City Council of La Canonja,PUBLIC,NOT_APPLICABLE,OTHER_PUBLIC_ADMIN
Defendant|INSTITUT_ENRIC_BORR_S_DE_BADALONA,Defendant,Institut Enric Borràs de Badalona,PUBLIC,NOT_APPLICABLE,EDUCATION
Defendant|DEPARTMENT_OF_HEALTH_OF_THE_GENERALITAT_DE_CATALUNYA,Defendant,Department of Health of the Generalitat de Catalunya,PUBLIC,NOT_APPLICABLE,HEALTH
Defendant|EULEN_SERVICIOS_SOCIOSANITARIOS_SA,Defendant,"Eulen, Servicios Sociosanitarios, SA",PRIVATE,LARGE,HEALTH
Defendant|BADALONA_CITY_COUNCIL,Defendant,Badalona City Council,PUBLIC,NOT_APPLICABLE,OTHER_PUBLIC_ADMIN
Defendant|CITY_COUNCIL_OF_JEREZ_DE_LA_FRONTERA,Defendant,City Council of Jerez de la Frontera,PUBLIC,NOT_APPLICABLE,OTHER_PUBLIC_ADMIN
Defendant|EDUCATIONAL_CENTER,Defendant,educational center,PUBLIC,NOT_APPLICABLE,EDUCATION
Defendant|CITY_COUNCIL,Defendant,City Council,PUBLIC,NOT_APPLICABLE,OTHER_PUBLIC_ADMIN
Defendant|URBIDE_ARABAKO_UR_PATZUERGOA_LAVA_WATER_CONSORTIUM,Defendant,URBIDE Arabako Ur Patzuergoa-Álava Water Consortium,PUBLIC,NOT_APPLICABLE,UTILITIES
Defendant|MINISTRY_OF_PUBLIC_ADMINISTRATION,Defendant,Ministry of Public Administration,PUBLIC,NOT_APPLICABLE,HEALTH
Defendant|UNKNOWN_DEFENDANT,Defendant,...,OTHER,UNKNOWN,MEDIA
Defendant|NOT_DISCUSSED,Defendant,NOT_DISCUSSED,NOT_DISCUSSED,NOT_DISCUSSED,EDUCATION
Defendant|BANK,Defendant,Bank,PRIVATE,UNKNOWN,FINANCIAL
Defendant|TRAVEL_AGENCY,Defendant,travel agency,PRIVATE,UNKNOWN,OTHER
Defendant|POLICE,Defendant,Police,PUBLIC,NOT_APPLICABLE,OTHER_PUBLIC_ADMIN
Defendant|GOVERNMENT_OF_THE_REPUBLIC_OF_SLOVENIA,Defendant,Government of the Republic of Slovenia,PUBLIC,NOT_APPLICABLE,OTHER_PUBLIC_ADMIN
Defendant|MINISTRY_OF_HEALTH,Defendant,Ministry of Health,PUBLIC,NOT_APPLICABLE,HEALTH
Defendant|MINISTRY_OF_EDUCATION_SCIENCE_AND_SPORT,Defendant,"Ministry of Education, Science and Sport",PUBLIC,NOT_APPLICABLE,EDUCATION
Defendant|NIJZ,Defendant,NIJZ,PUBLIC,NOT_APPLICABLE,HEALTH
Defendant|NOT_APPLICABLE_OPINION_REQUEST,Defendant,Not applicable (opinion request),PUBLIC,NOT_APPLICABLE,OTHER_PUBLIC_ADMIN
Defendant|HOSPITAL,Defendant,Hospital,PUBLIC,NOT_APPLICABLE,HEALTH
Defendant|PRIMARY_SCHOOL_NOT_EXPLICITLY_NAMED,Defendant,Primary school (not explicitly named),PUBLIC,NOT_APPLICABLE,EDUCATION
Defendant|NATIONAL_INSTITUTE_OF_PUBLIC_HEALTH,Defendant,National Institute of Public Health,PUBLIC,NOT_APPLICABLE,HEALTH
Defendant|DIRECTOR,Defendant,Director,PRIVATE,UNKNOWN,OTHER
Defendant|NOT_DISCUSSED,Defendant,NOT_DISCUSSED,PUBLIC,NOT_APPLICABLE,EDUCATION
Defendant|MUNICIPALITY,Defendant,Municipality,PUBLIC,NOT_APPLICABLE,OTHER_PUBLIC_ADMIN
Defendant|INSURANCE_COMPANY,Defendant,Insurance company,PRIVATE,UNKNOWN,FINANCIAL
Defendant|TRIGLAV_NATIONAL_PARK,Defendant,Triglav National Park,PUBLIC,NOT_APPLICABLE,OTHER_PUBLIC_ADMIN
Defendant|NOT_DISCUSSED,Defendant,NOT_DISCUSSED,NOT_DISCUSSED,NOT_DISCUSSED,OTHER
Defendant|NOT_DISCUSSED,Defendant,NOT_DISCUSSED,PRIVATE,UNKNOWN,OTHER
Defendant|NOT_DISCUSSED,Defendant,NOT_DISCUSSED,OTHER,NOT_APPLICABLE,MEDIA
Defendant|PUBLIC_INSTITUTE,Defendant,Public Institute,PUBLIC,NOT_APPLICABLE,EDUCATION
Defendant|EMPLOYER,Defendant,employer,PRIVATE,UNKNOWN,OTHER
Defendant|NOT_SPECIFIED_IN_DECISION,Defendant,Not specified in decision,OTHER,NOT_APPLICABLE,OTHER
Defendant|NOT_DISCUSSED,Defendant,NOT_DISCUSSED,NOT_DISCUSSED,NOT_APPLICABLE,OTHER
Defendant|COMMERCIAL_BANK,Defendant,commercial bank,PRIVATE,UNKNOWN,FINANCIAL
Defendant|FACEBOOK,Defendant,Facebook,PRIVATE,VERY_LARGE,DIGITAL_SERVICES
Defendant|TRIBUNAL,Defendant,Tribunal,OTHER,NOT_APPLICABLE,OTHER
Defendant|MUNICIPALITY,Defendant,Municipality,PUBLIC,NOT_APPLICABLE,EDUCATION
Defendant|NEIGHBOR,Defendant,Neighbor,INDIVIDUAL,NOT_APPLICABLE,OTHER
Defendant|AJPES,Defendant,AJPES,PUBLIC,NOT_APPLICABLE,OTHER_PUBLIC_ADMIN
Defendant|NOT_DISCUSSED,Defendant,NOT_DISCUSSED,NOT_DISCUSSED,NOT_APPLICABLE,HOUSING_TOURISM
Defendant|INFORMATION_COMMISSIONER,Defendant,Information Commissioner,PUBLIC,NOT_APPLICABLE,HEALTH
Defendant|MINISTRY_OF_PUBLIC_ADMINISTRATION,Defendant,Ministry of Public Administration,PUBLIC,NOT_APPLICABLE,OTHER_PUBLIC_ADMIN
Defendant|UNKNOWN_DEFENDANT,Defendant,...,PRIVATE,UNKNOWN,FINANCIAL
Defendant|UNKNOWN_DEFENDANT,Defendant,...,OTHER,NOT_APPLICABLE,MEDIA
Defendant|UNKNOWN_DEFENDANT,Defendant,...,OTHER,NOT_APPLICABLE,OTHER
Defendant|UNKNOWN_DEFENDANT,Defendant,…,PRIVATE,UNKNOWN,UTILITIES
Defendant|REDACTED_POLICE_OFFICER,Defendant,[REDACTED POLICE OFFICER],PUBLIC,NOT_APPLICABLE,OTHER_PUBLIC_ADMIN
Defendant|INDIVIDUAL_DEFENDANT_NAME_REDACTED,Defendant,INDIVIDUAL_DEFENDANT_NAME_REDACTED,INDIVIDUAL,NOT_APPLICABLE,OTHER
Defendant|UNKNOWN_DEFENDANT,Defendant,...,PRIVATE,UNKNOWN,OTHER
Defendant|NOT_DISCUSSED,Defendant,NOT_DISCUSSED,PRIVATE,UNKNOWN,FINANCIAL
Defendant|TAXPAYER,Defendant,taxpayer,PUBLIC,NOT_APPLICABLE,OTHER_PUBLIC_ADMIN
Defendant|NOT_PROVIDED_IN_TEXT,Defendant,Not provided in text,PRIVATE,UNKNOWN,OTHER
Defendant|MATI,Defendant,mati,PRIVATE,UNKNOWN,HEALTH
Defendant|CONTROLLED_ENTITY,Defendant,... (controlled entity),PRIVATE,UNKNOWN,OTHER
Defendant|UNKNOWN_DEFENDANT,Defendant,...,OTHER,UNKNOWN,EDUCATION
Defendant|UNKNOWN_DEFENDANT,Defendant,...,PUBLIC,NOT_APPLICABLE,EDUCATION
Defendant|HEALTH_CENTER,Defendant,Health Center,PUBLIC,NOT_APPLICABLE,HEALTH
Defendant|NOT_DISCUSSED,Defendant,NOT_DISCUSSED,NOT_DISCUSSED,NOT_APPLICABLE,EDUCATION
Defendant|MINISTRY_OF_THE_INTERIOR_POLICE,Defendant,"Ministry of the Interior, Police",PUBLIC,NOT_APPLICABLE,OTHER_PUBLIC_ADMIN
Defendant|MNZ_POLICIJA,Defendant,"MNZ, Policija",PUBLIC,NOT_APPLICABLE,OTHER_PUBLIC_ADMIN
Defendant|MINISTRY_OF_FINANCE,Defendant,Ministry of Finance,PUBLIC,NOT_APPLICABLE,TAX
Defendant|OWNERS_ASSOCIATION_IN_IA_I,Defendant,Owners' Association in Iași,OTHER,NOT_APPLICABLE,HOUSING_TOURISM
Defendant|MED_LIFE_SA,Defendant,Med Life SA,PRIVATE,UNKNOWN,HEALTH
Defendant|OTP_BANK_ROMANIA_SA,Defendant,OTP BANK ROMANIA SA,PRIVATE,LARGE,FINANCIAL
Defendant|WATER_CANAL_ILFOV_SA,Defendant,Water Canal Ilfov SA,PRIVATE,UNKNOWN,UTILITIES
Defendant|NATURAL_PERSON,Defendant,natural person,INDIVIDUAL,NOT_APPLICABLE,OTHER
Defendant|FINOPRO_IFN_SA,Defendant,Finopro IFN SA,PRIVATE,UNKNOWN,FINANCIAL
Defendant|SC_RCS_RDS_SA,Defendant,SC RCS & RDS SA,PRIVATE,LARGE,TELECOM
Defendant|BRISTOL_LOGISTICS_SA,Defendant,BRISTOL LOGISTICS SA,PRIVATE,UNKNOWN,OTHER
Defendant|XX_S_R_L,Defendant,XX S.r.l.,PRIVATE,UNKNOWN,DIGITAL_SERVICES
Defendant|ENERGIA_VERDE_S_P_A,Defendant,Energia Verde S.p.A.,PRIVATE,UNKNOWN,UTILITIES
Defendant|MF_SERVICE_S_R_L,Defendant,MF Service S.r.l.,PRIVATE,UNKNOWN,MEDIA
Defendant|MENARINI_SILICON_BIOSYSTEMS_SPA,Defendant,Menarini Silicon Biosystems SpA,PRIVATE,UNKNOWN,HEALTH
Defendant|MUNICIPALITY_OF_AGLIANA,Defendant,Municipality of Agliana,PUBLIC,NOT_APPLICABLE,OTHER_PUBLIC_ADMIN
Defendant|POSTE_VITA_S_P_A,Defendant,Poste Vita S.p.A.,PRIVATE,LARGE,FINANCIAL
Defendant|INFOCERT_S_P_A,Defendant,InfoCert S.p.A.,PRIVATE,LARGE,TELECOM
Defendant|RYANAIR_DAC,Defendant,Ryanair DAC,PRIVATE,LARGE,DIGITAL_SERVICES
Defendant|UNIVERSITY_COLLEGE_DUBLIN,Defendant,University College Dublin,OTHER,LARGE,EDUCATION
Defendant|TUSLA_CHILD_AND_FAMILY_AGENCY,Defendant,Tusla Child and Family Agency,PUBLIC,NOT_APPLICABLE,HEALTH
Defendant|KILDARE_COUNTY_COUNCIL,Defendant,Kildare County Council,PUBLIC,NOT_APPLICABLE,OTHER_PUBLIC_ADMIN
Defendant|GALWAY_COUNTY_COUNCIL,Defendant,Galway County Council,PUBLIC,NOT_APPLICABLE,OTHER_PUBLIC_ADMIN
Defendant|CITY_OF_DUBLIN_EDUCATION_AND_TRAINING_BOARD,Defendant,City of Dublin Education and Training Board,PUBLIC,NOT_APPLICABLE,EDUCATION
Defendant|DEPARTMENT_OF_SOCIAL_PROTECTION,Defendant,Department of Social Protection,PUBLIC,NOT_APPLICABLE,OTHER_PUBLIC_ADMIN
Defendant|DATA_PROTECTION_COMMISSION,Defendant,Data Protection Commission,PUBLIC,NOT_APPLICABLE,OTHER_PUBLIC_ADMIN
Defendant|DEPARTMENT_OF_HEALTH,Defendant,Department of Health,PUBLIC,NOT_APPLICABLE,HEALTH
Defendant|GROUPON_INTERNATIONAL_LIMITED,Defendant,Groupon International Limited,PRIVATE,VERY_LARGE,DIGITAL_SERVICES
Defendant|PERSONAL_INJURIES_ASSESSMENT_BOARD,Defendant,Personal Injuries Assessment Board,PUBLIC,NOT_APPLICABLE,OTHER_PUBLIC_ADMIN
Defendant|AIRBNB,Defendant,Airbnb,PRIVATE,VERY_LARGE,DIGITAL_SERVICES
Defendant|A_G_COURIERS_LIMITED_T_A_FASTWAY_COURIERS_IRELAND,Defendant,A&G Couriers Limited T/A Fastway Couriers (Ireland),PRIVATE,UNKNOWN,DIGITAL_SERVICES
Defendant|MEDIAHUIS_IRELAND_GROUP_LIMITED,Defendant,Mediahuis Ireland Group Limited,OTHER,NOT_APPLICABLE,MEDIA
Defendant|AIRBNB_IRELAND_UC,Defendant,Airbnb Ireland UC,PRIVATE,VERY_LARGE,DIGITAL_SERVICES
Defendant|META_PLATFORMS_IRELAND_LIMITED,Defendant,Meta Platforms Ireland Limited,PRIVATE,VERY_LARGE,DIGITAL_SERVICES
Defendant|TIKTOK_TECHNOLOGY_LIMITED,Defendant,TikTok Technology Limited,PRIVATE,VERY_LARGE,DIGITAL_SERVICES
Defendant|WHATSAPP_IRELAND_LIMITED,Defendant,WhatsApp Ireland Limited,PRIVATE,VERY_LARGE,DIGITAL_SERVICES
Defendant|H_SASMI_JAN_EHF,Defendant,Húsasmiðjan ehf.,PRIVATE,UNKNOWN,MANUFACTURING
Defendant|PRISON_AND_PROBATION_SERVICE,Defendant,Prison and Probation Service,PUBLIC,NOT_APPLICABLE,OTHER_PUBLIC_ADMIN
Defendant|BREI_HOLT_MULTICULTURAL_SCHOOL,Defendant,Breiðholt Multicultural School,PUBLIC,NOT_APPLICABLE,EDUCATION
Defendant|ARION_BANK,Defendant,Arion Bank,PRIVATE,UNKNOWN,FINANCIAL
Defendant|S_MEDICAL_INSTITUTIONS,Defendant,S.Á.Á. medical institutions,PUBLIC,NOT_APPLICABLE,HEALTH
Defendant|LANDSBANKINN_HF,Defendant,Landsbankinn hf.,PRIVATE,UNKNOWN,FINANCIAL
Defendant|A,Defendant,[A],INDIVIDUAL,NOT_APPLICABLE,HOUSING_TOURISM
Defendant|Y,Defendant,Y,INDIVIDUAL,NOT_APPLICABLE,OTHER
Defendant|WEDO_EHF,Defendant,Wedo ehf.,PRIVATE,UNKNOWN,DIGITAL_SERVICES
Defendant|CITY_OF_REYKJAV_K,Defendant,City of Reykjavík,PUBLIC,NOT_APPLICABLE,OTHER_PUBLIC_ADMIN
Defendant|CITIZENS_OMBUDSMAN,Defendant,Citizens' Ombudsman,PUBLIC,NOT_APPLICABLE,OTHER_PUBLIC_ADMIN
Defendant|CREDITINFO_L_NSTRAUST_HF,Defendant,Creditinfo Lánstraust hf.,PRIVATE,UNKNOWN,FINANCIAL
Defendant|SIMINN_HF,Defendant,Siminn hf.,PRIVATE,UNKNOWN,TELECOM
Defendant|NATIONAL_COMMISSIONER_OF_POLICE,Defendant,National Commissioner of Police,PUBLIC,NOT_APPLICABLE,OTHER_PUBLIC_ADMIN
Defendant|ARION_BANK_HF_SLANDSBANKI_AND_LANDSBANKINN_HF,Defendant,"Arion Bank hf., Íslandsbanki and Landsbankinn hf.",PRIVATE,LARGE,FINANCIAL
Defendant|L_GHEIMTUN_EHF,Defendant,Lögheimtun ehf.,PRIVATE,UNKNOWN,FINANCIAL
Defendant|SJ_V_R_ALMENNAR_TRYGGINGAR_HF,Defendant,Sjóvár-Almennar tryggingar hf.,PRIVATE,UNKNOWN,FINANCIAL
Defendant|MUNICIPALITY_Y,Defendant,municipality Y,PUBLIC,NOT_APPLICABLE,OTHER_PUBLIC_ADMIN
Defendant|SLANDSBANKI,Defendant,Íslandsbanki,PRIVATE,LARGE,FINANCIAL
Defendant|HEILBRIG_ISEFTIRLIT_SU_URLANDS,Defendant,Heilbrigðiseftirlit Suðurlands,PUBLIC,NOT_APPLICABLE,OTHER_PUBLIC_ADMIN
Defendant|EL_SA_GU_R_N_EHF_LIVING_SCIENCE,Defendant,Elísa Guðrún ehf. (Living Science),PRIVATE,UNKNOWN,MEDIA
Defendant|ASSOCIATION_OF_ICELANDIC_MUNICIPALITIES,Defendant,Association of Icelandic Municipalities,PUBLIC,NOT_APPLICABLE,OTHER_PUBLIC_ADMIN
Defendant|SKELJUNG_HF,Defendant,Skeljung hf.,PRIVATE,UNKNOWN,OTHER
Defendant|REYKJAV_K_HEALTH_INSPECTORATE,Defendant,Reykjavík Health Inspectorate,PUBLIC,NOT_APPLICABLE,OTHER_PUBLIC_ADMIN
Defendant|PRIMARY_SCHOOL_X,Defendant,primary school X,PUBLIC,NOT_APPLICABLE,EDUCATION
Defendant|LANDSNET_HF,Defendant,Landsnet hf.,PUBLIC,NOT_APPLICABLE,UTILITIES
Defendant|DIRECTORATE_OF_LABOR,Defendant,Directorate of Labor,PUBLIC,NOT_APPLICABLE,OTHER_PUBLIC_ADMIN
Defendant|HOSPITAL_IN_AKUREYRI,Defendant,Hospital in Akureyri,PUBLIC,NOT_APPLICABLE,HEALTH
Defendant|SJ_KRATRYGGINGAR_SLANDS,Defendant,Sjúkratryggingar Íslands,PUBLIC,NOT_APPLICABLE,HEALTH
Defendant|CHIEF_OF_POLICE_IN_THE_CAPITAL_AREA,Defendant,chief of police in the capital area,PUBLIC,NOT_APPLICABLE,OTHER_PUBLIC_ADMIN
Defendant|NOT_DISCUSSED,Defendant,NOT_DISCUSSED,NOT_DISCUSSED,NOT_APPLICABLE,MEDIA
Defendant|X,Defendant,X,PRIVATE,SME,OTHER
Defendant|SLANDSHOTELS_HF,Defendant,Íslandshotels hf.,PRIVATE,UNKNOWN,HOUSING_TOURISM
Defendant|LANDSP_TALI,Defendant,Landspítali,PUBLIC,NOT_APPLICABLE,HEALTH
Defendant|INFOMENTOR_EHF,Defendant,InfoMentor ehf.,PRIVATE,UNKNOWN,EDUCATION
Defendant|MUNICIPALITY_X,Defendant,municipality X,PUBLIC,NOT_APPLICABLE,OTHER_PUBLIC_ADMIN
Defendant|C_AND_D,Defendant,[C] and [D],INDIVIDUAL,NOT_APPLICABLE,OTHER
Defendant|HARPA_MUSIC_AND_CONFERENCE_CENTER_OHF,Defendant,Harpa Music and Conference Center ohf.,PRIVATE,UNKNOWN,OTHER
Defendant|CHILD_PROTECTION_COMMITTEE_X,Defendant,Child Protection Committee [X],PUBLIC,NOT_APPLICABLE,OTHER_PUBLIC_ADMIN
Defendant|THE_MUNICIPALITY_AND_THE_SCHOOL,Defendant,[the municipality] and [the school],PUBLIC,NOT_APPLICABLE,EDUCATION
Defendant|PRIMARY_SCHOOL,Defendant,[primary school],PUBLIC,NOT_APPLICABLE,EDUCATION
Defendant|CHIEF_EPIDEMIOLOGIST,Defendant,Chief Epidemiologist,PUBLIC,NOT_APPLICABLE,HEALTH
Defendant|SOCIAL_SERVICES_F,Defendant,social services F,PUBLIC,NOT_APPLICABLE,OTHER_PUBLIC_ADMIN
Defendant|SLENSKR_GEREN_LYS_EHF,Defendant,Íslenskr gerenálys ehf,PRIVATE,UNKNOWN,HEALTH
Defendant|REYKJAV_K_UNIVERSITY,Defendant,Reykjavík University,OTHER,NOT_APPLICABLE,EDUCATION
Defendant|SLENSKRI_GEGENY_UR_EHF,Defendant,Íslenskri gegenyður ehf.,PRIVATE,UNKNOWN,HEALTH
Defendant|B,Defendant,[B],INDIVIDUAL,NOT_APPLICABLE,HOUSING_TOURISM
Defendant|DIRECTORATE_OF_LABOUR,Defendant,Directorate of Labour,PUBLIC,NOT_APPLICABLE,OTHER_PUBLIC_ADMIN
Defendant|D,Defendant,[D],INDIVIDUAL,NOT_APPLICABLE,OTHER
Defendant|SCHOOL,Defendant,[school],PUBLIC,NOT_APPLICABLE,EDUCATION
Defendant|B,Defendant,[B],INDIVIDUAL,NOT_APPLICABLE,OTHER
Defendant|SLANDSP_STS_OHF,Defendant,Íslandspósts ohf,PUBLIC,NOT_APPLICABLE,OTHER_PUBLIC_ADMIN
Defendant|SLANDSBANKI_HF,Defendant,Íslandsbanki hf.,PRIVATE,LARGE,FINANCIAL
Defendant|ICELANDAIR_EHF,Defendant,Icelandair ehf.,PRIVATE,LARGE,OTHER
Defendant|CITY_OF_REYKJAV_K,Defendant,City of Reykjavík,PUBLIC,NOT_APPLICABLE,HEALTH
Defendant|SLENSKR_GEREN_LYS_EHF,Defendant,Íslenskr gerenálys ehf.,PRIVATE,UNKNOWN,OTHER
Defendant|EDUCATIONAL_INSTITUTION_X,Defendant,educational institution X,PUBLIC,NOT_APPLICABLE,EDUCATION
Defendant|LANDSBANKINN_HF,Defendant,Landsbankinn hf.,PRIVATE,LARGE,FINANCIAL
Defendant|BL_EHF,Defendant,BL ehf.,PRIVATE,UNKNOWN,OTHER
Defendant|ADVANIA_SLAND_EHF,Defendant,Advania Ísland ehf.,PRIVATE,UNKNOWN,DIGITAL_SERVICES
Defendant|GOOGLE_LLC,Defendant,Google LLC,PRIVATE,VERY_LARGE,DIGITAL_SERVICES
Defendant|OFFICE_OF_THE_NATIONAL_MEDICAL_EXAMINER,Defendant,Office of the National Medical Examiner,PUBLIC,NOT_APPLICABLE,HEALTH
Defendant|NOVA_HF,Defendant,Nova hf.,PRIVATE,UNKNOWN,TELECOM
Defendant|C,Defendant,C,INDIVIDUAL,NOT_APPLICABLE,OTHER
Defendant|CREDITINFO_L_NSTRAUSTI_HF,Defendant,Creditinfo Lánstrausti hf.,PRIVATE,UNKNOWN,FINANCIAL
Defendant|MAGNA_L_GMANNA_EHF,Defendant,Magna Lögmanna ehf.,PRIVATE,UNKNOWN,CONSULTING
Defendant|X,Defendant,X,PRIVATE,UNKNOWN,OTHER
Defendant|CREDITINFO_L_NSTRAUST_HF,Defendant,Creditinfo Lánstraust hf.,PRIVATE,LARGE,FINANCIAL
Defendant|NORWEGIAN_FISHERIES_AGENCY,Defendant,Norwegian Fisheries Agency,PUBLIC,NOT_APPLICABLE,OTHER_PUBLIC_ADMIN
Defendant|SHERIFF_IN_THE_CAPITAL_AREA,Defendant,Sheriff in the capital area,PUBLIC,NOT_APPLICABLE,OTHER_PUBLIC_ADMIN
Defendant|POLICE_IN_THE_CAPITAL_AREA,Defendant,Police in the capital area,PUBLIC,NOT_APPLICABLE,OTHER_PUBLIC_ADMIN
Defendant|B,Defendant,[B],INDIVIDUAL,NOT_APPLICABLE,MEDIA
Defendant|SOLUTIONS_ORGANIZATION,Defendant,Solutions Organization,OTHER,NOT_APPLICABLE,OTHER
Defendant|UNIVERSITY_OF_ICELAND,Defendant,University of Iceland,PUBLIC,NOT_APPLICABLE,EDUCATION
Defendant|NATIONAL_ELECTORAL_COMMISSION,Defendant,National Electoral Commission,PUBLIC,NOT_APPLICABLE,OTHER_PUBLIC_ADMIN
Defendant|NATIONAL_POLICE_COMMISSIONER,Defendant,National Police Commissioner,PUBLIC,NOT_APPLICABLE,OTHER_PUBLIC_ADMIN
Defendant|ECOMMERCE_2020_APS,Defendant,eCommerce 2020 ApS,PRIVATE,UNKNOWN,FINANCIAL
Defendant|V_TRYGGINGAF_LAG_SLANDS_HF,Defendant,Vátryggingafélag Íslands hf.,PRIVATE,UNKNOWN,FINANCIAL
Defendant|CAPITAL_REGION_HEALTH_SERVICE,Defendant,Capital Region Health Service,PUBLIC,NOT_APPLICABLE,HEALTH
Defendant|SLANDSP_ST,Defendant,Íslandspóst,PRIVATE,UNKNOWN,OTHER
Defendant|PUBLIC_AGENCY_X,Defendant,public agency X,PUBLIC,NOT_APPLICABLE,OTHER_PUBLIC_ADMIN
Defendant|RESPONDENT_2,Defendant,Respondent 2,PRIVATE,UNKNOWN,OTHER
Defendant|DR_G_BOR_ER_SS,Defendant,Dr. Gábor Erőss,PUBLIC,NOT_APPLICABLE,OTHER_PUBLIC_ADMIN
Defendant|UNIVERSITY_NAME_REDACTED,Defendant,[University name redacted],PUBLIC,NOT_APPLICABLE,EDUCATION
Defendant|ROBINSON_TOURS_TOURISM_AND_SERVICE_LTD,Defendant,ROBINSON-TOURS Tourism and Service Ltd.,PRIVATE,SME,HOUSING_TOURISM
Defendant|NOT_SPECIFIED_IN_TEXT,Defendant,Not specified in text,PRIVATE,UNKNOWN,OTHER
Defendant|DR_KOS_HADH_ZY,Defendant,dr. Ákos Hadházy,INDIVIDUAL,NOT_APPLICABLE,OTHER
Defendant|UNKNOWN_DEFENDANT,Defendant,.........................,PRIVATE,SME,TELECOM
Defendant|DEBTOR,Defendant,[Debtor],PRIVATE,UNKNOWN,FINANCIAL
Defendant|UNKNOWN_DEFENDANT,Defendant,[…],PRIVATE,LARGE,MANUFACTURING
Defendant|NOT_EXPLICITLY_NAMED_IN_PROVIDED_TEXT,Defendant,[Not explicitly named in provided text],PRIVATE,UNKNOWN,TELECOM
Defendant|GOOGLE_IRELAND_LTD,Defendant,Google Ireland Ltd,PRIVATE,VERY_LARGE,DIGITAL_SERVICES
Defendant|MARKMYPROFESSOR_M_DIAREKL_M_SZOLG_LTAT_KFT,Defendant,MarkMyProfessor Médiareklám Szolgáltató Kft.,PRIVATE,UNKNOWN,DIGITAL_SERVICES
Defendant|APPLICANT,Defendant,[Applicant],PRIVATE,UNKNOWN,OTHER
Defendant|UNKNOWN_DEFENDANT,Defendant,(...),PRIVATE,UNKNOWN,FITNESS_WELLNESS
Defendant|DIGI_T_VK_ZL_SI_S_SZOLG_LTAT_KFT,Defendant,Digi Távközlési és Szolgáltató Kft,PRIVATE,VERY_LARGE,TELECOM
Defendant|RESPONDENT_NAME_NOT_EXPLICITLY_STATED_IN_PROVIDED_TEXT,Defendant,[Respondent name not explicitly stated in provided text],PRIVATE,LARGE,DIGITAL_SERVICES
Defendant|BUDA_FAMILY_COUNSELING_AND_CHILD_PROTECTION_CENTER,Defendant,Óbuda Family Counseling and Child Protection Center,PUBLIC,NOT_APPLICABLE,OTHER_PUBLIC_ADMIN
Defendant|COOPERATIVE_COMMUNITIES_ASSOCIATION_FOR_THE_LIVING_WORLD,Defendant,Cooperative Communities Association for the Living World,NGO_OR_NONPROFIT,UNKNOWN,OTHER
Defendant|TELECOMMUNICATIONS_PROVIDER_NAME_REDACTED,Defendant,[telecommunications provider name redacted],PRIVATE,LARGE,TELECOM
Defendant|BUDAPEST_CAPITAL_XVIII_DISTRICT_WITH_THE_PESTSZENTL_RINC_PESTSZENTIMRE_MUNICIPALITY,Defendant,Budapest Capital XVIII. district with the Pestszentlőrinc - Pestszentimre Municipality,PUBLIC,NOT_APPLICABLE,OTHER_PUBLIC_ADMIN
Defendant|MAGYAR_TELEKOM_PLC,Defendant,Magyar Telekom Plc.,PRIVATE,LARGE,TELECOM
Defendant|CUSTOMER,Defendant,[Customer],PRIVATE,SME,MANUFACTURING
Defendant|CUSTOMER,Defendant,[Customer],PRIVATE,UNKNOWN,HOUSING_TOURISM
Defendant|INDIVIDUAL_S_NAME_REDACTED,Defendant,[Individual's name redacted],INDIVIDUAL,NOT_APPLICABLE,EDUCATION
Defendant|PARISH_RELIGIOUS_ORGANIZATION_NAME_REDACTED,Defendant,[Parish/Religious organization - name redacted],RELIGIOUS,NOT_APPLICABLE,RELIGIOUS_ORGS
Defendant|K_TFARK_KUTYA_P_RT,Defendant,Kétfarkú Kutya Párt,POLITICAL_PARTY,UNKNOWN,OTHER
Defendant|DEICHMANN_SHOE_TRADE_LIMITED_LIABILITY_COMPANY,Defendant,Deichmann Shoe Trade Limited Liability Company,PRIVATE,LARGE,RETAIL
Defendant|CUSTOMER,Defendant,[Customer],PRIVATE,LARGE,FINANCIAL
Defendant|MAGYAR_REMKIBOCS_T_KFT,Defendant,Magyar Éremkibocsátó Kft.,PRIVATE,LARGE,RETAIL
Defendant|NOT_SPECIFIED_IN_PROVIDED_TEXT,Defendant,Not specified in provided text,PRIVATE,UNKNOWN,FINANCIAL
Defendant|LAW_FIRM,Defendant,Law Firm,PRIVATE,SME,OTHER
Defendant|THE_IMPORTER,Defendant,The Importer,PRIVATE,UNKNOWN,OTHER
Defendant|DISTRICT_OFFICE_OF_THE_BFKH_XI,Defendant,District Office of the BFKH XI,PUBLIC,NOT_APPLICABLE,HEALTH
Defendant|CLIENT,Defendant,[Client],PRIVATE,LARGE,DIGITAL_SERVICES
Defendant|TV2_BY_M_DIA_CSOPORT_ZRT,Defendant,TV2 by Média Csoport Zrt.,PRIVATE,LARGE,MEDIA
Defendant|NOT_PROVIDED_IN_TEXT,Defendant,[Not provided in text],PRIVATE,SME,RETAIL
Defendant|ALDI_HUNGARY_FOOD_FOOD_TRADE_DEPOSIT_COMPANY,Defendant,ALDI HUNGARY FOOD Food Trade Deposit Company,PRIVATE,LARGE,RETAIL
Defendant|H_RPORT_L_HU,Defendant,hírportál.hu,PRIVATE,UNKNOWN,MEDIA
Defendant|APPLICANTS,Defendant,Applicants,INDIVIDUAL,NOT_APPLICABLE,HOUSING_TOURISM
Defendant|GENERAL_SCHOOL_HIGH_SCHOOL_AND_VOCATIONAL_HIGH_SCHOOL,Defendant,"General School, High School and Vocational High School",PUBLIC,NOT_APPLICABLE,EDUCATION
Defendant|BUDAPEST_BAR_ASSOCIATION,Defendant,Budapest Bar Association,PUBLIC,NOT_APPLICABLE,OTHER
Defendant|BANK_ZRT,Defendant,Bank Zrt.,PRIVATE,UNKNOWN,FINANCIAL
Defendant|AMPLIFON_MAGYARORSZ_G_KERESKEDELMI_S_SZOLG_LTAT_LL_TOLT_ANEL_SS_G_T_RSAS_G,Defendant,AMPLIFON Magyarország Kereskedelmi és Szolgáltató Llátolt Anelösségő Társaság,PRIVATE,LARGE,HEALTH
Defendant|NATIONAL_HEALTH_INSURANCE_FUND_MANAGER,Defendant,National Health Insurance Fund Manager,PUBLIC,NOT_APPLICABLE,HEALTH
Defendant|CUSTOMER,Defendant,Customer,PRIVATE,UNKNOWN,MEDIA
Defendant|CENTRAL_MEDIA_GROUP_ZRT,Defendant,Central Media Group Zrt.,PRIVATE,UNKNOWN,MEDIA
Defendant|TOLL_MANAGEMENT_COMPANY,Defendant,toll management company,PRIVATE,UNKNOWN,UTILITIES
Defendant|MUNICIPALITY_OF_ATHENS,Defendant,Municipality of Athens,PUBLIC,NOT_APPLICABLE,OTHER_PUBLIC_ADMIN
Defendant|NATIONAL_BANK_OF_GREECE_S_A,Defendant,National Bank of Greece S.A.,PRIVATE,VERY_LARGE,FINANCIAL
Defendant|PPC_S_A,Defendant,PPC S.A.,PRIVATE,LARGE,UTILITIES
Defendant|MINISTRY_OF_NATIONAL_DEFENSE,Defendant,Ministry of National Defense,PUBLIC,NOT_APPLICABLE,OTHER_PUBLIC_ADMIN
Defendant|G_VOEVODAS_CO_SA,Defendant,G. Voevodas & Co. SA.,PRIVATE,UNKNOWN,HOUSING_TOURISM
Defendant|MINISTRY_OF_RURAL_DEVELOPMENT_AND_FOOD,Defendant,Ministry of Rural Development and Food,PUBLIC,NOT_APPLICABLE,OTHER_PUBLIC_ADMIN
Defendant|GLYFADA_GAAR,Defendant,Glyfada GAAR,PRIVATE,UNKNOWN,OTHER
Defendant|COSMOTE_MOBILE_TELECOMMUNICATIONS_S_A,Defendant,COSMOTE - MOBILE TELECOMMUNICATIONS S.A.,PRIVATE,LARGE,TELECOM
Defendant|DIAGNOSTIC_CENTER,Defendant,diagnostic center,PRIVATE,UNKNOWN,HEALTH
Defendant|STANDARD_CENTRE_FOR_SPEECH_AND_SPECIAL_NEEDS_EDUCATION_DIMITRA,Defendant,Standard Centre for Speech and Special Needs Education — DIMITRA,PRIVATE,UNKNOWN,EDUCATION
Defendant|COSMOTE,Defendant,COSMOTE,PRIVATE,LARGE,TELECOM
Defendant|VODAFONE,Defendant,Vodafone,PRIVATE,LARGE,TELECOM
Defendant|NFC_INSURANCE_COMPANY,Defendant,NFC insurance company,PRIVATE,UNKNOWN,FINANCIAL
Defendant|PIRAEUS_BANK,Defendant,Piraeus Bank,PRIVATE,LARGE,FINANCIAL
Defendant|ATHENS_BAR_ASSOCIATION,Defendant,Athens Bar Association,NGO_OR_NONPROFIT,NOT_APPLICABLE,MEMBERSHIP_ORGS
Defendant|ALPHA_BANK_S_A,Defendant,ALPHA BANK S.A.,PRIVATE,LARGE,FINANCIAL
Defendant|ANOIXIS,Defendant,Anoixis,PRIVATE,SME,DIGITAL_SERVICES
Defendant|ELPEDISON_ELECTRICITY_GENERATION_SOLE_PERSON_ANONYMOUS_COMPANY,Defendant,ELPEDISON ELECTRICITY GENERATION SOLE PERSON ANONYMOUS COMPANY,PRIVATE,LARGE,UTILITIES
Defendant|Z,Defendant,Z,INDIVIDUAL,NOT_APPLICABLE,OTHER
Defendant|HELLENIC_TAXYDROMIA_ANONYMOUS_LTD,Defendant,HELLENIC TAXYDROMIA ANONYMOUS LTD,PUBLIC,NOT_APPLICABLE,OTHER_PUBLIC_ADMIN
Defendant|PORT_AUTHORITY_X_S_A,Defendant,Port Authority X S.A.,PUBLIC,NOT_APPLICABLE,OTHER_PUBLIC_ADMIN
Defendant|PRIVATE_DOCTOR_SPECIALIZING_IN_GYNECOLOGY,Defendant,private doctor specializing in gynecology,INDIVIDUAL,NOT_APPLICABLE,HEALTH
Defendant|IGNATIADIS_NIKOLAOS_AND_SIA_EE,Defendant,Ignatiadis Nikolaos and SIA EE,PRIVATE,SME,OTHER
Defendant|C,Defendant,C,PRIVATE,UNKNOWN,EDUCATION
Defendant|MZN_HELLAS_SOCIETE_ANONYME_COMMERCIAL_COMPANY,Defendant,MZN HELLAS SOCIETE ANONYME COMMERCIAL COMPANY,PRIVATE,SME,RETAIL
Defendant|MINISTRY_OF_IMMIGRATION_AND_ASYLUM,Defendant,Ministry of Immigration and Asylum,PUBLIC,NOT_APPLICABLE,OTHER_PUBLIC_ADMIN
Defendant|ADMINISTRATIVE_COURT,Defendant,Administrative Court,PUBLIC,NOT_APPLICABLE,OTHER_PUBLIC_ADMIN
Defendant|MUNICIPALITY_OF_PATRAS,Defendant,Municipality of Patras,PUBLIC,NOT_APPLICABLE,OTHER_PUBLIC_ADMIN
Defendant|NEW_YORK_COLLEGE_S_A,Defendant,NEW YORK COLLEGE S.A.,PRIVATE,SME,EDUCATION
Defendant|MUNICIPALITY_OF_ALIMOS,Defendant,Municipality of Alimos,PUBLIC,NOT_APPLICABLE,OTHER_PUBLIC_ADMIN
Defendant|HANGZHOU_DEEPSEEK_ARTIFICIAL_INTELLIGENCE_CO_LTD,Defendant,"Hangzhou DeepSeek Artificial Intelligence Co., Ltd.",PRIVATE,UNKNOWN,DIGITAL_SERVICES
Defendant|401_GENERAL_MILITARY_HOSPITAL_OF_ATHENS,Defendant,401 General Military Hospital of Athens,PUBLIC,NOT_APPLICABLE,HEALTH
Defendant|CAREER_SOLE_SHAREHOLDER_TECHNOLOGY_SOCIETE_ANONYME_CURATOR_COMMERCIAL_PROMOTION_AND_EXPLOITATION_OF_SPECIAL_PUBLICATIONS,Defendant,"CAREER SOLE SHAREHOLDER TECHNOLOGY SOCIETE ANONYME CURATOR, COMMERCIAL PROMOTION AND EXPLOITATION OF SPECIAL PUBLICATIONS",PRIVATE,SME,DIGITAL_SERVICES
Defendant|MZN_HELLAS_ANONYMI_ATHLITIKI_EMPORIKI_ETEIRIA,Defendant,MZN HELLAS ANONYMI ATHLITIKI EMPORIKI ETEIRIA,PRIVATE,SME,RETAIL
Defendant|WIND_NOW_NOVA,Defendant,"WIND, now NOVA",PRIVATE,LARGE,TELECOM
Defendant|ELECTRICITY_SUPPLIER,Defendant,electricity supplier,PRIVATE,UNKNOWN,UTILITIES
Defendant|COMPANY_NAME_NOT_PROVIDED_IN_TEXT,Defendant,[Company name not provided in text],PRIVATE,UNKNOWN,OTHER
Defendant|FIRE_SERVICES_ADMINISTRATION_OF_PREFECTURE_X,Defendant,Fire Services Administration of Prefecture X,PUBLIC,NOT_APPLICABLE,OTHER_PUBLIC_ADMIN
Defendant|DOVALUE_GREECE_ANONYMOUS_LOAN_AND_CREDIT_CLAIMS_MANAGEMENT_COMPANY,Defendant,doValue Greece Anonymous Loan and Credit Claims Management Company,PRIVATE,LARGE,FINANCIAL
Defendant|THE_COMPLAINED_BANK,Defendant,the complained bank,PRIVATE,UNKNOWN,FINANCIAL
Defendant|DIRECTORATE_OF_PRIMARY_EDUCATION_P_E_X,Defendant,Directorate of Primary Education P.E. X,PUBLIC,NOT_APPLICABLE,EDUCATION
Defendant|ATHENS_MEDICAL_ASSOCIATION,Defendant,Athens Medical Association,PUBLIC,NOT_APPLICABLE,HEALTH
Defendant|NIKOS_LAZARIDIS_OVGE_S_A,Defendant,NIKOS LAZARIDIS OVGE S.A.,PRIVATE,UNKNOWN,OTHER
Defendant|CHILD_PSYCHOLOGIST,Defendant,child psychologist,INDIVIDUAL,NOT_APPLICABLE,HEALTH
Defendant|MUNICIPALITY_X,Defendant,Municipality X,PUBLIC,NOT_APPLICABLE,OTHER_PUBLIC_ADMIN
Defendant|ELECTRONIC_SOCIAL_SECURITY_AGENCY_E_EFKA,Defendant,Electronic Social Security Agency (e-EFKA),PUBLIC,NOT_APPLICABLE,OTHER_PUBLIC_ADMIN
Defendant|ATHENS_URBAN_TRANSPORT_ORGANIZATION_OASA,Defendant,Athens Urban Transport Organization (OASA),PUBLIC,NOT_APPLICABLE,OTHER_PUBLIC_ADMIN
Defendant|REGION_X,Defendant,[region] X,INDIVIDUAL,NOT_APPLICABLE,OTHER
Defendant|INTERMUNICIPAL_WATER_SUPPLY_AND_SEWERAGE_COMPANY_X,Defendant,Intermunicipal Water Supply and Sewerage Company X,PUBLIC,NOT_APPLICABLE,UTILITIES
Defendant|MUNICIPALITY_OF_METAMORFOSI,Defendant,Municipality of Metamorfosi,PUBLIC,NOT_APPLICABLE,OTHER_PUBLIC_ADMIN
Defendant|ASSOCIATION_FOR_PEOPLE_WITH_AUTISM_SPECTRUM_DISORDERS_THE_SHIELD_OF_DAVID,Defendant,"Association for people with autism spectrum disorders ""THE SHIELD OF DAVID""",NGO_OR_NONPROFIT,NOT_APPLICABLE,HEALTH
Defendant|ALPHA_BANK_S_A,Defendant,Alpha Bank S.A.,PRIVATE,LARGE,FINANCIAL
Defendant|POLYCLINIC_AND_DIAGNOSTIC_CENTER_PYLIS_AXIOS_I_A_E,Defendant,Polyclinic and diagnostic center Pylis Axios I.A.E.,PRIVATE,UNKNOWN,HEALTH
Defendant|B,Defendant,B,INDIVIDUAL,NOT_APPLICABLE,OTHER
Defendant|C,Defendant,C,INDIVIDUAL,NOT_APPLICABLE,HEALTH
Defendant|VODAFONE_PANAFON_S_A,Defendant,Vodafone - PANAFON S.A.,PRIVATE,LARGE,TELECOM
Defendant|CANDIDATE_FOR_MP,Defendant,candidate for MP,INDIVIDUAL,NOT_APPLICABLE,OTHER
Defendant|MUNICIPAL_TRANSPORT_COMPANY_OF_RHODES_RODA,Defendant,"Municipal Transport Company of Rhodes ""RODA""",PUBLIC,NOT_APPLICABLE,OTHER_PUBLIC_ADMIN
Defendant|NOT_DISCUSSED,Defendant,NOT_DISCUSSED,OTHER,LARGE,TELECOM
Defendant|NATIONAL_INTELLIGENCE_SERVICE,Defendant,National Intelligence Service,PUBLIC,NOT_APPLICABLE,OTHER_PUBLIC_ADMIN
Defendant|OASTH,Defendant,OASTH,PUBLIC,NOT_APPLICABLE,OTHER_PUBLIC_ADMIN
Defendant|NURSING_HOME_CONTROLLER_NAME_NOT_SPECIFIED,Defendant,[Nursing home controller - name not specified],PRIVATE,UNKNOWN,HEALTH
Defendant|MINISTRY_OF_INTERIOR,Defendant,Ministry of Interior,PUBLIC,NOT_APPLICABLE,OTHER_PUBLIC_ADMIN
Defendant|GRIVAS_CHARALAMPOS_MOUTZOURI_ANASTASIA_O_E,Defendant,GRIVAS CHARALAMPOS - MOUTZOURI ANASTASIA O.E.,PRIVATE,SME,EDUCATION
Defendant|CONTROLLER,Defendant,controller,PRIVATE,UNKNOWN,OTHER
Defendant|MINISTRY_OF_CLIMATE_CRISIS_AND_CIVIL_PROTECTION,Defendant,Ministry of Climate Crisis and Civil Protection,PUBLIC,NOT_APPLICABLE,OTHER_PUBLIC_ADMIN
Defendant|EDYTE_S_A,Defendant,EDYTE S.A.,PUBLIC,NOT_APPLICABLE,OTHER_PUBLIC_ADMIN
Defendant|CULTURAL_ASSOCIATION_X,Defendant,Cultural Association X,NGO_OR_NONPROFIT,NOT_APPLICABLE,MEMBERSHIP_ORGS
Defendant|NOT_DISCUSSED,Defendant,NOT_DISCUSSED,PRIVATE,UNKNOWN,RETAIL
Defendant|ACCOUNTANT,Defendant,accountant,INDIVIDUAL,NOT_APPLICABLE,CONSULTING
Defendant|DOCTOR_B,Defendant,doctor B,PRIVATE,UNKNOWN,HEALTH
Defendant|B,Defendant,B,PRIVATE,SME,RETAIL
Defendant|ZENITH_GAS_SUPPLY_COMPANY_OF_THESSALONIKI_THESSALY_SA,Defendant,"ZENITH - Gas Supply Company of Thessaloniki, Thessaly SA",PRIVATE,UNKNOWN,UTILITIES
Defendant|NATIONAL_BANK_OF_GREECE_S_A,Defendant,National Bank of Greece S.A.,PRIVATE,LARGE,FINANCIAL
Defendant|MINISTRY_OF_TOURISM,Defendant,Ministry of Tourism,PUBLIC,NOT_APPLICABLE,OTHER_PUBLIC_ADMIN
Defendant|INFO_COMMUNICATION_SERVICES_ADVERTISING_PROMOTIONAL_COMMERCIAL_RESEARCH_AND_PUBLICATIONS_MONOPROSOOPI_IKE,Defendant,INFO COMMUNICATION SERVICES ADVERTISING - PROMOTIONAL - COMMERCIAL - RESEARCH AND PUBLICATIONS MONOPROSOOPI IKE,PRIVATE,UNKNOWN,DIGITAL_SERVICES
Defendant|MINISTRY_OF_EDUCATION_AND_RELIGIOUS_AFFAIRS,Defendant,Ministry of Education and Religious Affairs,PUBLIC,NOT_APPLICABLE,EDUCATION
Defendant|POLLING_COMPANY,Defendant,polling company,PRIVATE,UNKNOWN,CONSULTING
Defendant|MINISTRY_OF_CITIZEN_PROTECTION,Defendant,Ministry of Citizen Protection,PUBLIC,NOT_APPLICABLE,OTHER_PUBLIC_ADMIN
Defendant|SUPREME_COUNCIL_FOR_CIVIL_PERSONNEL_SELECTION_ASEP,Defendant,Supreme Council for Civil Personnel Selection (ASEP),PUBLIC,NOT_APPLICABLE,OTHER_PUBLIC_ADMIN
Defendant|CRIF,Defendant,CRIF,PRIVATE,UNKNOWN,FINANCIAL
Defendant|DEFENDANT_OPERATING_COMPANY_OF_LOYALTY_PROGRAM,Defendant,[Defendant operating company of loyalty program],PRIVATE,UNKNOWN,RETAIL
Defendant|UNKNOWN_DEFENDANT,Defendant,[...],PRIVATE,UNKNOWN,DIGITAL_SERVICES
Defendant|DEUTSCHE_TELEKOM_AG,Defendant,Deutsche Telekom AG,PRIVATE,LARGE,TELECOM
Defendant|VODAFONE_GMBH,Defendant,Vodafone GmbH,PRIVATE,LARGE,TELECOM
Defendant|SUBSIDIARY_OF_A_BERLIN_E_COMMERCE_GROUP,Defendant,Subsidiary of a Berlin e-commerce group,PRIVATE,LARGE,RETAIL
Defendant|BANK,Defendant,bank,PRIVATE,LARGE,FINANCIAL
Defendant|OUTFITTERY_GMBH,Defendant,OUTFITTERY GmbH,PRIVATE,UNKNOWN,RETAIL
Defendant|EBAY,Defendant,Ebay,PRIVATE,VERY_LARGE,DIGITAL_SERVICES
Defendant|KLARNA_BANK_AB,Defendant,Klarna Bank AB,PRIVATE,LARGE,FINANCIAL
Defendant|MYTOYS_DE_GMBH,Defendant,myToys.de GmbH,PRIVATE,UNKNOWN,RETAIL
Defendant|HEALY,Defendant,Healy,PRIVATE,UNKNOWN,DIGITAL_SERVICES
Defendant|ENERGY_SUPPLIER_POOL,Defendant,energy supplier pool,OTHER,NOT_APPLICABLE,UTILITIES
Defendant|ABIS_GMBH,Defendant,ABIS GmbH,PRIVATE,UNKNOWN,DIGITAL_SERVICES
Defendant|DEBT_COLLECTION_SERVICE_PROVIDER,Defendant,debt collection service provider,PRIVATE,UNKNOWN,FINANCIAL
Defendant|NOT_DISCUSSED,Defendant,NOT_DISCUSSED,INDIVIDUAL,NOT_APPLICABLE,OTHER
Defendant|HAMBURG_LOGISTICS_COMPANY,Defendant,Hamburg logistics company,PRIVATE,UNKNOWN,OTHER
Defendant|NOT_DISCUSSED,Defendant,NOT_DISCUSSED,PRIVATE,UNKNOWN,HEALTH
Defendant|SENATE_CHANCELLERY_OF_THE_FREE_AND_HANSEATIC_CITY_OF_HAMBURG,Defendant,Senate Chancellery of the Free and Hanseatic City of Hamburg,PUBLIC,NOT_APPLICABLE,OTHER_PUBLIC_ADMIN
Defendant|FACEBOOK_IRELAND_LTD,Defendant,Facebook Ireland Ltd.,PRIVATE,VERY_LARGE,DIGITAL_SERVICES
Defendant|DAYCARE_CENTER,Defendant,daycare center,PRIVATE,SME,EDUCATION
Defendant|H_M_HENNES_MAURITZ_ONLINE_SHOP_A_B_CO_KG,Defendant,H&M Hennes & Mauritz Online Shop A.B. & Co. KG,PRIVATE,VERY_LARGE,RETAIL
Defendant|NOT_DISCUSSED,Defendant,NOT_DISCUSSED,INDIVIDUAL,NOT_APPLICABLE,FINANCIAL
Defendant|VATTENFALL_EUROPE_SALES_GMBH,Defendant,Vattenfall Europe Sales GmbH,PRIVATE,LARGE,UTILITIES
Defendant|NOT_DISCUSSED,Defendant,NOT_DISCUSSED,NOT_DISCUSSED,NOT_APPLICABLE,NOT_DISCUSSED
Defendant|HEISE_MEDIEN_GMBH_CO_KG,Defendant,Heise Medien GmbH & Co. KG,PRIVATE,UNKNOWN,MEDIA
Defendant|NOTEBOOKSBILLIGER_DE_AG,Defendant,notebooksbilliger.de AG,PRIVATE,LARGE,RETAIL
Defendant|EMPLOYER_NOT_SPECIFICALLY_NAMED,Defendant,Employer (not specifically named),PRIVATE,LARGE,OTHER
Defendant|PROPERTY_DEVELOPER,Defendant,property developer,PRIVATE,UNKNOWN,OTHER
Defendant|VFB_STUTTGART_1893_AG,Defendant,VfB Stuttgart 1893 AG,PRIVATE,LARGE,OTHER
Defendant|KNUDDELS_GMBH_CO_KG,Defendant,Knuddels GmbH & Co. KG,PRIVATE,UNKNOWN,DIGITAL_SERVICES
Defendant|BREBAU_GMBH,Defendant,BREBAU GmbH,PRIVATE,UNKNOWN,HOUSING_TOURISM
Defendant|LAW_FIRMS_ENTRUSTED_WITH_INSOLVENCY_ADMINISTRATION,Defendant,law firms entrusted with insolvency administration,PRIVATE,UNKNOWN,FINANCIAL
Defendant|VOLKSWAGEN_AKTIENGESELLSCHAFT,Defendant,Volkswagen Aktiengesellschaft,PRIVATE,VERY_LARGE,MANUFACTURING
Defendant|NATIONAL_INSTITUTE_OF_DEMOGRAPHIC_STUDIES_INED,Defendant,National Institute of Demographic Studies (INED),PUBLIC,NOT_APPLICABLE,EDUCATION
Defendant|UNIVERSITY_OF_BORDEAUX,Defendant,University of Bordeaux,PUBLIC,NOT_APPLICABLE,EDUCATION
Defendant|NATIONAL_COMMISSION_FOR_INFORMATION_TECHNOLOGY_AND_LIBERTIES,Defendant,National Commission for Information Technology and Liberties,PUBLIC,NOT_APPLICABLE,OTHER_PUBLIC_ADMIN
Defendant|ELECTRICIT_DE_FRANCE,Defendant,ELECTRICITÉ DE FRANCE,PUBLIC,VERY_LARGE,UTILITIES
Defendant|MICROSOFT_IRELAND_OPERATIONS_LIMITED,Defendant,MICROSOFT IRELAND OPERATIONS LIMITED,PRIVATE,VERY_LARGE,DIGITAL_SERVICES
Defendant|UNKNOWN_DEFENDANT,Defendant,[…],PRIVATE,UNKNOWN,RETAIL
Defendant|MINISTRY_OF_THE_INTERIOR,Defendant,Ministry of the Interior,PUBLIC,NOT_APPLICABLE,OTHER_PUBLIC_ADMIN
Defendant|MINISTRY_OF_SOLIDARITY_AND_HEALTH,Defendant,Ministry of Solidarity and Health,PUBLIC,NOT_APPLICABLE,HEALTH
Defendant|CLEARVIEW_AI,Defendant,CLEARVIEW AI,PRIVATE,UNKNOWN,DIGITAL_SERVICES
Defendant|FRANCETEST,Defendant,FRANCETEST,PRIVATE,UNKNOWN,HEALTH
Defendant|SERGIC,Defendant,SERGIC,PRIVATE,LARGE,HOUSING_TOURISM
Defendant|SPARTOO_SAS,Defendant,SPARTOO SAS,PRIVATE,SME,RETAIL
Defendant|CARREFOUR_BANQUE,Defendant,CARREFOUR BANQUE,PRIVATE,LARGE,FINANCIAL
Defendant|AMAZON_EUROPE_CORE,Defendant,AMAZON EUROPE CORE,PRIVATE,VERY_LARGE,DIGITAL_SERVICES
Defendant|MR,Defendant,Mr. [...],INDIVIDUAL,NOT_APPLICABLE,HEALTH
Defendant|NESTOR_SAS,Defendant,NESTOR SAS,PRIVATE,SME,RETAIL
Defendant|GOOGLE_IRELAND_LIMITED,Defendant,GOOGLE IRELAND LIMITED,PRIVATE,VERY_LARGE,DIGITAL_SERVICES
Defendant|SGAM_AG2R_LA_MONDIALE,Defendant,SGAM AG2R LA MONDIALE,PRIVATE,VERY_LARGE,FINANCIAL
Defendant|COMPANY_X,Defendant,company X,PRIVATE,VERY_LARGE,MANUFACTURING
Defendant|SOCI_T_NOUVELLE_DE_L_ANUAIRE_FRAN_AIS,Defendant,Société nouvelle de l'Anuaire Français,PRIVATE,SME,DIGITAL_SERVICES
Defendant|AUTONOMOUS_PARIS_TRANSPORT_AUTHORITY,Defendant,Autonomous Paris Transport Authority,PUBLIC,NOT_APPLICABLE,OTHER_PUBLIC_ADMIN
Defendant|SLIMPAY,Defendant,SLIMPAY,PRIVATE,SME,FINANCIAL
Defendant|FREE_MOBILE,Defendant,FREE MOBILE,PRIVATE,LARGE,TELECOM
Defendant|DEDALUS_BIOLOGIE,Defendant,DEDALUS BIOLOGIE,PRIVATE,SME,HEALTH
Defendant|TOTALENERGIES_ELECTRICIT_ET_GAZ_FRANCE,Defendant,TOTALENERGIES ELECTRICITÉ ET GAZ FRANCE,PRIVATE,LARGE,UTILITIES
Defendant|ACCOR_SA,Defendant,ACCOR SA,PRIVATE,LARGE,HOUSING_TOURISM
Defendant|GIE_INFOGREFFE,Defendant,GIE INFOGREFFE,PUBLIC,NOT_APPLICABLE,OTHER_PUBLIC_ADMIN
Defendant|DISCORD_INC,Defendant,DISCORD INC,PRIVATE,LARGE,DIGITAL_SERVICES
Defendant|FREE,Defendant,FREE,PRIVATE,LARGE,TELECOM
Defendant|LUSHA_SYSTEMS_INC,Defendant,LUSHA SYSTEMS INC,PRIVATE,UNKNOWN,DIGITAL_SERVICES
Defendant|APPLE_DISTRIBUTION_INTERNATIONAL,Defendant,APPLE DISTRIBUTION INTERNATIONAL,PRIVATE,VERY_LARGE,DIGITAL_SERVICES
Defendant|CRITEO_SA,Defendant,CRITEO SA,PRIVATE,LARGE,DIGITAL_SERVICES
Defendant|VOODOO,Defendant,VOODOO,PRIVATE,UNKNOWN,DIGITAL_SERVICES
Defendant|GROUPE_CANAL,Defendant,GROUPE CANAL +,PRIVATE,LARGE,MEDIA
Defendant|MINISTRY_OF_TRANSFORMATION_AND_PUBLIC_SERVICE,Defendant,Ministry of Transformation and Public Service,PUBLIC,NOT_APPLICABLE,OTHER_PUBLIC_ADMIN
Defendant|MUNICIPALITY_OF_KOUROU,Defendant,municipality of KOUROU,PUBLIC,NOT_APPLICABLE,OTHER_PUBLIC_ADMIN
Defendant|AMAZON_FRANCE_LOGISTIQUE,Defendant,AMAZON FRANCE LOGISTIQUE,PRIVATE,LARGE,RETAIL
Defendant|YAHOO_EMEA_LIMITED,Defendant,YAHOO EMEA LIMITED,PRIVATE,LARGE,DIGITAL_SERVICES
Defendant|TAGADAMEDIA,Defendant,TAGADAMEDIA,PRIVATE,SME,DIGITAL_SERVICES
Defendant|MINISTRY_OF_THE_INTERIOR_AND_OVERSEAS,Defendant,Ministry of the Interior and Overseas,PUBLIC,NOT_APPLICABLE,OTHER_PUBLIC_ADMIN
Defendant|BRAIN_AND_SPINAL_CORD_INSTITUTE,Defendant,Brain and Spinal Cord Institute,OTHER,NOT_APPLICABLE,HEALTH
Defendant|NATIONAL_COMMISSION_FOR_INFORMATION_TECHNOLOGY_AND_LIBERTIES,Defendant,National Commission for Information Technology and Liberties,PUBLIC,NOT_APPLICABLE,HEALTH
Defendant|DE_PARTICULIER_A_PARTICULIER_EDITIONS_NERESSIS,Defendant,DE PARTICULIER A PARTICULIER – EDITIONS NERESSIS,PRIVATE,SME,DIGITAL_SERVICES
Defendant|FORIOU,Defendant,FORIOU,PRIVATE,SME,DIGITAL_SERVICES
Defendant|HUBSIDE_STORE,Defendant,HUBSIDE.STORE,PRIVATE,LARGE,RETAIL
Defendant|CEGEDIM_SANT,Defendant,CEGEDIM SANTÉ,PRIVATE,LARGE,HEALTH
Defendant|KASPR,Defendant,KASPR,PRIVATE,SME,DIGITAL_SERVICES
Defendant|CALOGA,Defendant,CALOGA,PRIVATE,SME,DIGITAL_SERVICES
Defendant|REGISTRAR_HEALTHCARE_PROVIDER,Defendant,Registrar Healthcare provider,PRIVATE,UNKNOWN,HEALTH
Defendant|SUOMEN_ASIAKASTIETO_OY,Defendant,Suomen Asiakastieto Oy,PRIVATE,LARGE,FINANCIAL
Defendant|REGISTRAR_CITY,Defendant,Registrar City,PUBLIC,NOT_APPLICABLE,EDUCATION
Defendant|NOT_DISCUSSED,Defendant,NOT_DISCUSSED,PRIVATE,UNKNOWN,FITNESS_WELLNESS
Defendant|POLICE_UNIVERSITY_OF_APPLIED_SCIENCES,Defendant,Police University of Applied Sciences,PUBLIC,NOT_APPLICABLE,EDUCATION
Defendant|FORENOM_OY,Defendant,Forenom Oy,PRIVATE,UNKNOWN,HOUSING_TOURISM
Defendant|X_OY,Defendant,X Oy,PRIVATE,LARGE,OTHER
Defendant|HOUSING_ASSOCIATION,Defendant,housing association,OTHER,UNKNOWN,HOUSING_TOURISM
Defendant|MINISTRY_OF_FOREIGN_AFFAIRS,Defendant,Ministry of Foreign Affairs,PUBLIC,NOT_APPLICABLE,OTHER_PUBLIC_ADMIN
Defendant|Y_OY,Defendant,Y Oy,PRIVATE,SME,MEDIA
Defendant|REGISTRAR,Defendant,registrar,PRIVATE,UNKNOWN,HOUSING_TOURISM
Defendant|NOT_SPECIFIED_IN_TEXT,Defendant,Not specified in text,PRIVATE,UNKNOWN,UTILITIES
Defendant|OP_FINANCIAL_GROUP,Defendant,OP Financial Group,PRIVATE,VERY_LARGE,FINANCIAL
Defendant|NOT_SPECIFIED,Defendant,Not specified,PUBLIC,NOT_APPLICABLE,EDUCATION
Defendant|INSURANCE_COMPANY_A,Defendant,Insurance company A,PRIVATE,UNKNOWN,FINANCIAL
Defendant|REGISTRAR_CITY,Defendant,Registrar City,PUBLIC,NOT_APPLICABLE,OTHER_PUBLIC_ADMIN
Defendant|REGISTRAR,Defendant,registrar,PUBLIC,NOT_APPLICABLE,OTHER_PUBLIC_ADMIN
Defendant|KESKO_OYJ,Defendant,Kesko Oyj,PRIVATE,VERY_LARGE,RETAIL
Defendant|UNIVERSITY_OF_APPLIED_SCIENCES,Defendant,University of Applied Sciences,PUBLIC,NOT_APPLICABLE,EDUCATION
Defendant|NOT_DISCUSSED,Defendant,NOT_DISCUSSED,PUBLIC,NOT_APPLICABLE,HEALTH
Defendant|TRAVEL_AGENCY,Defendant,Travel agency,PRIVATE,SME,HOUSING_TOURISM
Defendant|SUPREME_COURT,Defendant,Supreme Court,PUBLIC,NOT_APPLICABLE,OTHER_PUBLIC_ADMIN
Defendant|DEBT_COLLECTION_AGENCY,Defendant,debt collection agency,PRIVATE,UNKNOWN,FINANCIAL
Defendant|MOTOR_INSURANCE_CENTER,Defendant,Motor Insurance Center,PUBLIC,NOT_APPLICABLE,FINANCIAL
Defendant|HELMET_LIBRARIES_IN_THE_CAPITAL_REGION_HELSINKI_ESPOO_VANTAA_AND_THE_CITY_OF_KAUNIAINEN,Defendant,"Helmet libraries in the capital region: Helsinki, Espoo, Vantaa and the city of Kauniainen",PUBLIC,NOT_APPLICABLE,OTHER_PUBLIC_ADMIN
Defendant|NOT_DISCUSSED,Defendant,NOT_DISCUSSED,NOT_DISCUSSED,NOT_DISCUSSED,HEALTH
Defendant|MUNICIPALITY_EDUCATION_BOARD,Defendant,Municipality (Education Board),PUBLIC,NOT_APPLICABLE,EDUCATION
Defendant|CITY_GROWTH_AND_LEARNING_BOARD,Defendant,City (Growth and Learning Board),PUBLIC,NOT_APPLICABLE,EDUCATION
Defendant|HOSPITAL_DISTRICT,Defendant,hospital district,PUBLIC,NOT_APPLICABLE,HEALTH
Defendant|FINNKINO_OY,Defendant,Finnkino Oy,PRIVATE,UNKNOWN,RETAIL
